cadence,distance,heart_rate,latitude,longitude,temperature,timestamp
56,2.02,58,51.0710306558758,5.223644217476249,30,2021-07-25 07:25:34
56,3.88,58,51.0710428096354,5.223625358194113,29,2021-07-25 07:25:35
82,18.19,60,51.07110299170017,5.223446823656559,30,2021-07-25 07:25:40
83,24.42,64,51.07112101279199,5.223362585529685,30,2021-07-25 07:25:42
82,32.72,70,51.07113157398999,5.2232458256185055,29,2021-07-25 07:25:45
82,36.98,75,51.07112570665777,5.2231851406395435,29,2021-07-25 07:25:47
82,39.77,78,51.07112151570618,5.223145829513669,29,2021-07-25 07:25:48
74,44.38,83,51.07111422345042,5.2230812050402164,29,2021-07-25 07:25:50
74,47.52,87,51.071111876517534,5.22303644567728,29,2021-07-25 07:25:51
75,52.61,91,51.07111154124141,5.222963774576783,29,2021-07-25 07:25:53
75,55.45,94,51.07110726647079,5.2229236252605915,29,2021-07-25 07:25:54
75,58.46,97,51.07110693119466,5.222880793735385,29,2021-07-25 07:25:55
77,65.02,101,51.07110274024308,5.222787167876959,29,2021-07-25 07:25:57
80,70.54,104,51.071100644767284,5.222707875072956,29,2021-07-25 07:25:59
80,77.35,107,51.07109410688281,5.222611231729388,29,2021-07-25 07:26:01
80,83.81,111,51.071089915931225,5.222519114613533,29,2021-07-25 07:26:03
79,86.23,112,51.07108765281737,5.222484664991498,29,2021-07-25 07:26:04
78,107.81,113,51.071073319762945,5.2221747022122145,29,2021-07-25 07:26:12
77,117.54,113,51.071093771606684,5.2220330480486155,28,2021-07-25 07:26:15
78,125.63,114,51.07111254706979,5.221917210146785,28,2021-07-25 07:26:18
79,144.3,116,51.07121489010751,5.221671452745795,28,2021-07-25 07:26:24
79,164.83,115,51.07124053873122,5.221378086134791,28,2021-07-25 07:26:31
79,171.47,115,51.07120550237596,5.221290998160839,28,2021-07-25 07:26:33
79,183.18,117,51.07118069194257,5.221127634868026,28,2021-07-25 07:26:37
80,189.41,119,51.071184715256095,5.221039541065693,28,2021-07-25 07:26:39
81,199.27,121,51.07122687622905,5.220916494727135,28,2021-07-25 07:26:42
81,213.27,121,51.07129879295826,5.220754975453019,28,2021-07-25 07:26:48
81,222.3,122,51.071278508752584,5.220636874437332,28,2021-07-25 07:26:52
80,224.08,123,51.07126300223172,5.220630336552858,27,2021-07-25 07:26:53
79,228.72,123,51.071221344172955,5.220612399280071,27,2021-07-25 07:26:55
75,233.72,123,51.071176920086145,5.220630085095763,27,2021-07-25 07:26:59
74,237.07,124,51.07114875689149,5.2206482738256454,27,2021-07-25 07:27:01
76,244.44,123,51.071081114932895,5.220657410100102,27,2021-07-25 07:27:04
79,247.91,120,51.07105881907046,5.220624133944511,27,2021-07-25 07:27:07
79,247.94,118,51.07106133364141,5.220619440078735,27,2021-07-25 07:27:08
79,248.53,118,51.07106485404074,5.220613069832325,27,2021-07-25 07:27:09
75,248.85,118,51.071064015850425,5.2206082083284855,27,2021-07-25 07:27:10
75,249.54,116,51.071068458259106,5.2206074539572,27,2021-07-25 07:27:16
73,249.71,113,51.07106720097363,5.220602927729487,27,2021-07-25 07:27:28
73,249.71,112,51.07106720097363,5.220602927729487,27,2021-07-25 07:27:30
73,252.59,109,51.07105169445276,5.2205699030309916,27,2021-07-25 07:27:32
77,266.78,109,51.0709273070097,5.2205475233495235,27,2021-07-25 07:27:37
79,285.02,112,51.0707647819072,5.2205807995051146,27,2021-07-25 07:27:43
77,305.18,113,51.0705850739032,5.220614410936832,27,2021-07-25 07:27:49
78,311.48,115,51.07052841223776,5.220619942992926,27,2021-07-25 07:27:51
79,317.67,119,51.070472840219736,5.2206232119351625,27,2021-07-25 07:27:53
80,323.57,123,51.07042011804879,5.220631677657366,27,2021-07-25 07:27:55
81,335.72,124,51.070310985669494,5.220644753426313,27,2021-07-25 07:27:59
79,347.08,121,51.07020922936499,5.220635868608952,27,2021-07-25 07:28:03
80,355.77,120,51.07013236731291,5.220660846680403,27,2021-07-25 07:28:06
81,377.41,122,51.06993732042611,5.220709461718798,27,2021-07-25 07:28:12
83,382.56,122,51.069891303777695,5.220699235796928,27,2021-07-25 07:28:14
79,399.24,122,51.06974168680608,5.220688255503774,27,2021-07-25 07:28:22
82,417.22,121,51.06958259828389,5.220743659883738,27,2021-07-25 07:28:29
84,433.05,118,51.069438848644495,5.220769140869379,27,2021-07-25 07:28:33
82,443.77,118,51.06934220530093,5.2207825519144535,27,2021-07-25 07:28:36
81,464.62,121,51.06917029246688,5.220766039565206,27,2021-07-25 07:28:44
82,475.31,124,51.06912729330361,5.220629330724478,27,2021-07-25 07:28:48
81,478.0,124,51.06911555863917,5.22059571929276,27,2021-07-25 07:28:49
81,495.32,125,51.06906786561012,5.22036069072783,27,2021-07-25 07:28:55
81,515.88,126,51.06898840516806,5.220094313845038,27,2021-07-25 07:29:01
81,523.3,125,51.06895286589861,5.220004627481103,27,2021-07-25 07:29:03
80,542.31,126,51.06888011097908,5.2197556011378765,26,2021-07-25 07:29:08
81,549.56,129,51.06888790614903,5.2196363266557455,26,2021-07-25 07:29:10
82,552.79,130,51.068882541731,5.219588801264763,26,2021-07-25 07:29:11
83,563.6,133,51.068847170099616,5.219445303082466,26,2021-07-25 07:29:14
84,574.06,134,51.068839794024825,5.219293422996998,26,2021-07-25 07:29:17
82,592.41,131,51.06883987784386,5.219024950638413,26,2021-07-25 07:29:23
82,594.98,130,51.06883409433067,5.218989243730903,26,2021-07-25 07:29:24
81,618.47,130,51.068783048540354,5.218667965382338,26,2021-07-25 07:29:32
81,635.78,129,51.06884825974703,5.218444671481848,26,2021-07-25 07:29:37
81,640.83,129,51.06885278597474,5.218372838571668,26,2021-07-25 07:29:39
81,645.04,129,51.06885337270796,5.218312321230769,26,2021-07-25 07:29:41
81,651.89,129,51.06880970299244,5.218240991234779,26,2021-07-25 07:29:44
81,666.48,130,51.06874046847224,5.218064803630114,26,2021-07-25 07:29:49
81,684.1,131,51.068677017465234,5.217836564406753,26,2021-07-25 07:29:55
81,686.27,131,51.06866176240146,5.217817118391395,26,2021-07-25 07:29:56
81,688.14,131,51.068645250052214,5.217812759801745,26,2021-07-25 07:29:57
81,690.06,132,51.06862840242684,5.217818459495902,26,2021-07-25 07:29:59
79,690.54,132,51.06862806715071,5.217816028743982,26,2021-07-25 07:30:02
79,691.83,132,51.06861348263919,5.217839078977704,26,2021-07-25 07:30:06
80,698.77,132,51.06855556368828,5.217875959351659,26,2021-07-25 07:30:09
80,700.96,132,51.06853762641549,5.217888951301575,26,2021-07-25 07:30:10
83,709.75,133,51.06846562586725,5.217944020405412,26,2021-07-25 07:30:15
81,728.99,132,51.068307710811496,5.218054158613086,26,2021-07-25 07:30:22
82,733.95,132,51.068266136571765,5.218081064522266,26,2021-07-25 07:30:24
82,740.99,133,51.0682072956115,5.218121046200395,26,2021-07-25 07:30:27
83,753.63,134,51.06810771860182,5.218206876888871,25,2021-07-25 07:30:32
79,774.49,134,51.067959275096655,5.218388931825757,25,2021-07-25 07:30:38
80,781.11,134,51.067903032526374,5.21842279471457,25,2021-07-25 07:30:40
81,792.56,131,51.06780555099249,5.218476690351963,25,2021-07-25 07:30:45
81,795.72,131,51.06777981854975,5.218495549634099,25,2021-07-25 07:30:46
81,810.7,131,51.06764922849834,5.218552043661475,25,2021-07-25 07:30:50
81,814.39,130,51.06761754490435,5.218567885458469,25,2021-07-25 07:30:51
83,838.73,131,51.067414954304695,5.218706605955958,25,2021-07-25 07:30:58
82,861.27,133,51.0672246851027,5.218829652294517,25,2021-07-25 07:31:05
81,866.87,133,51.06717908754945,5.218871394172311,25,2021-07-25 07:31:07
82,887.23,133,51.06701195240021,5.218990668654442,25,2021-07-25 07:31:12
80,908.53,133,51.06682344339788,5.219061663374305,25,2021-07-25 07:31:19
83,926.53,132,51.06670819222927,5.218887738883495,25,2021-07-25 07:31:24
81,949.77,132,51.06660400517285,5.218600574880838,25,2021-07-25 07:31:31
82,970.36,134,51.06651767157018,5.218340652063489,25,2021-07-25 07:31:37
82,988.46,135,51.066445000469685,5.218104869127274,25,2021-07-25 07:31:43
82,1011.79,136,51.06635372154415,5.217803372070193,25,2021-07-25 07:31:50
84,1031.32,136,51.06630896218121,5.217531966045499,25,2021-07-25 07:31:56
83,1054.81,136,51.066238302737474,5.217214711010456,25,2021-07-25 07:32:03
83,1074.86,134,51.06618968769908,5.2169356774538755,25,2021-07-25 07:32:09
83,1083.83,134,51.066156746819615,5.216817744076252,25,2021-07-25 07:32:12
82,1104.74,135,51.066113663837314,5.216517755761743,25,2021-07-25 07:32:20
83,1111.57,136,51.06610318645835,5.216418681666255,25,2021-07-25 07:32:22
82,1130.64,136,51.06605423614383,5.216157836839557,25,2021-07-25 07:32:28
84,1151.89,137,51.06601048260927,5.21586287766695,25,2021-07-25 07:32:34
87,1155.03,137,51.065989611670375,5.215832702815533,25,2021-07-25 07:32:35
80,1175.04,136,51.06590621173382,5.215579234063625,25,2021-07-25 07:32:41
82,1191.39,135,51.06584661640227,5.215364405885339,25,2021-07-25 07:32:46
82,1197.57,136,51.06583261862397,5.215278742834926,25,2021-07-25 07:32:48
81,1215.68,136,51.065779477357864,5.2150331530719995,25,2021-07-25 07:32:54
78,1234.27,136,51.06573052704334,5.214778007939458,25,2021-07-25 07:33:00
81,1244.67,139,51.06569440104067,5.214641382917762,25,2021-07-25 07:33:03
83,1260.53,140,51.06565944850445,5.214419178664684,25,2021-07-25 07:33:08
83,1263.38,140,51.06565207242966,5.214379783719778,25,2021-07-25 07:33:09
82,1280.52,140,51.065588453784585,5.214164284989238,25,2021-07-25 07:33:15
83,1300.0,140,51.065481416881084,5.213946355506778,25,2021-07-25 07:33:22
81,1318.14,140,51.06546616181731,5.213682828471065,25,2021-07-25 07:33:27
80,1340.04,140,51.065397430211306,5.213394071906805,25,2021-07-25 07:33:33
81,1344.05,140,51.06536968611181,5.2133571077138186,24,2021-07-25 07:33:34
81,1366.0,142,51.065232306718826,5.213134987279773,25,2021-07-25 07:33:41
80,1383.06,143,51.065123341977596,5.212964918464422,24,2021-07-25 07:33:46
80,1405.79,145,51.065003983676434,5.212697451934218,24,2021-07-25 07:33:53
81,1409.32,145,51.064987890422344,5.212650764733553,24,2021-07-25 07:33:54
82,1431.89,143,51.06487766839564,5.212366534397006,24,2021-07-25 07:34:01
82,1434.73,142,51.06486660428345,5.212326720356941,24,2021-07-25 07:34:02
82,1456.6,142,51.064757807180285,5.212062187492847,24,2021-07-25 07:34:09
82,1479.56,141,51.06463040225208,5.211804360151291,24,2021-07-25 07:34:16
81,1486.08,141,51.06459419243038,5.21173101849854,24,2021-07-25 07:34:18
82,1500.16,144,51.0644996445626,5.211599841713905,24,2021-07-25 07:34:22
83,1510.62,141,51.06442923657596,5.211503701284528,24,2021-07-25 07:34:25
83,1530.11,142,51.064365869387984,5.211225086823106,24,2021-07-25 07:34:32
84,1552.03,143,51.06424734927714,5.210972959175706,24,2021-07-25 07:34:39
83,1574.71,144,51.064118603244424,5.210721334442496,24,2021-07-25 07:34:46
84,1592.17,147,51.0640405677259,5.2104992140084505,24,2021-07-25 07:34:52
83,1597.66,147,51.06401517055929,5.210429057478905,24,2021-07-25 07:34:54
84,1610.94,147,51.06393973343074,5.210280530154705,24,2021-07-25 07:34:58
83,1613.71,147,51.06392380781472,5.210250020027161,24,2021-07-25 07:34:59
82,1629.97,147,51.06386345811188,5.210036113858223,24,2021-07-25 07:35:04
83,1651.67,146,51.06374468654394,5.209787506610155,24,2021-07-25 07:35:10
81,1671.93,146,51.06361795216799,5.209580808877945,24,2021-07-25 07:35:16
81,1675.35,146,51.06360194273293,5.209538899362087,24,2021-07-25 07:35:17
83,1695.8,146,51.06347990222275,5.2093191258609295,24,2021-07-25 07:35:23
84,1717.05,146,51.06337437406182,5.209062723442912,24,2021-07-25 07:35:29
85,1720.2,146,51.063364651054144,5.209017796441913,24,2021-07-25 07:35:30
84,1735.84,147,51.06329273432493,5.208821492269635,25,2021-07-25 07:35:35
83,1756.57,147,51.063206819817424,5.208551427349448,24,2021-07-25 07:35:42
83,1759.29,147,51.06319164857268,5.20852024666965,25,2021-07-25 07:35:43
80,1774.85,144,51.06310355477035,5.2083490043878555,24,2021-07-25 07:35:48
81,1783.84,144,51.063055358827114,5.208245487883687,25,2021-07-25 07:35:51
83,1804.05,144,51.062934240326285,5.20802965387702,25,2021-07-25 07:35:57
83,1819.6,145,51.06285285204649,5.207841647788882,25,2021-07-25 07:36:02
82,1840.2,145,51.06274430640042,5.207597315311432,25,2021-07-25 07:36:08
83,1854.51,146,51.06273072771728,5.207398748025298,25,2021-07-25 07:36:12
81,1866.98,146,51.06280884705484,5.207271594554186,25,2021-07-25 07:36:15
82,1883.98,149,51.06292032636702,5.2071064710617065,25,2021-07-25 07:36:19
82,1887.34,150,51.062948405742645,5.207080068066716,25,2021-07-25 07:36:20
84,1901.3,153,51.06301378458738,5.2069056406617165,25,2021-07-25 07:36:24
84,1904.49,151,51.06302820146084,5.206866329535842,25,2021-07-25 07:36:25
82,1916.88,149,51.063061226159334,5.206706905737519,25,2021-07-25 07:36:29
80,1931.63,148,51.06301059946418,5.206512864679098,25,2021-07-25 07:36:35
81,1953.14,149,51.062921080738306,5.206242213025689,25,2021-07-25 07:36:42
82,1959.32,149,51.06290666386485,5.206156969070435,25,2021-07-25 07:36:44
82,1980.26,147,51.06280599720776,5.205912049859762,25,2021-07-25 07:36:51
83,1999.16,145,51.062647327780724,5.205800905823708,25,2021-07-25 07:36:57
83,2008.56,145,51.06260080821812,5.205688001587987,25,2021-07-25 07:37:00
83,2018.48,144,51.0625674482435,5.205556573346257,25,2021-07-25 07:37:03
83,2033.17,142,51.06252319179475,5.205359933897853,25,2021-07-25 07:37:08
84,2055.68,143,51.062456890940666,5.205050306394696,25,2021-07-25 07:37:15
83,2073.96,145,51.06246896088123,5.204807901754975,25,2021-07-25 07:37:20
82,2087.45,145,51.06255856342614,5.204673372209072,25,2021-07-25 07:37:24
82,2090.43,145,51.06258253566921,5.20465325564146,25,2021-07-25 07:37:25
83,2112.91,143,51.06276635080576,5.204506488516927,25,2021-07-25 07:37:33
83,2118.41,142,51.062808176502585,5.204465752467513,25,2021-07-25 07:37:35
84,2121.98,142,51.062808679416776,5.204413365572691,25,2021-07-25 07:37:37
84,2124.25,142,51.06280465610325,5.204381514340639,25,2021-07-25 07:37:38
83,2131.88,142,51.062775906175375,5.204282021149993,25,2021-07-25 07:37:41
83,2135.13,142,51.06276308186352,5.204234914854169,25,2021-07-25 07:37:43
83,2140.43,141,51.06274489313364,5.204164255410433,25,2021-07-25 07:37:45
82,2155.42,140,51.06272938661277,5.203951690346003,25,2021-07-25 07:37:50
84,2172.06,140,51.06269250623882,5.203720182180405,25,2021-07-25 07:37:55
84,2189.45,139,51.062679681926966,5.203469479456544,25,2021-07-25 07:38:01
83,2192.31,139,51.06267641298473,5.20342874340713,25,2021-07-25 07:38:02
83,2210.57,140,51.062634754925966,5.203177621588111,25,2021-07-25 07:38:07
83,2228.88,141,51.062650261446834,5.202918369323015,25,2021-07-25 07:38:12
84,2249.25,142,51.06265193782747,5.202627182006836,25,2021-07-25 07:38:17
84,2258.34,142,51.062659565359354,5.202497597783804,25,2021-07-25 07:38:20
84,2277.93,141,51.06267004273832,5.202220659703016,25,2021-07-25 07:38:26
84,2281.1,141,51.062680184841156,5.202178331092,25,2021-07-25 07:38:27
84,2283.65,140,51.06269636191428,5.202150670811534,25,2021-07-25 07:38:28
83,2289.38,140,51.06274229474366,5.202112533152103,25,2021-07-25 07:38:30
84,2293.48,140,51.06276584789157,5.202069198712707,25,2021-07-25 07:38:32
85,2299.46,140,51.06275847181678,5.201984290033579,25,2021-07-25 07:38:34
85,2303.08,140,51.06275277212262,5.201933328062296,25,2021-07-25 07:38:35
82,2319.34,139,51.06272393837571,5.20170584321022,25,2021-07-25 07:38:40
82,2325.47,139,51.06271555647254,5.20161934196949,25,2021-07-25 07:38:42
82,2341.15,140,51.06268999166787,5.201398143544793,25,2021-07-25 07:38:48
0,2343.07,141,51.062683118507266,5.2013741713017225,25,2021-07-25 07:38:52
0,2346.88,138,51.062663923949,5.201334021985531,25,2021-07-25 07:38:57
0,2348.01,135,51.062672305852175,5.2013183478266,25,2021-07-25 07:39:00
0,2353.07,133,51.062714802101254,5.201342403888702,25,2021-07-25 07:39:07
0,2354.37,133,51.06272544711828,5.201350282877684,25,2021-07-25 07:39:08
82,2365.83,134,51.06282544322312,5.201389258727431,25,2021-07-25 07:39:13
83,2385.89,133,51.06298838742077,5.201508197933435,25,2021-07-25 07:39:20
82,2391.56,130,51.063036415725946,5.201535355299711,25,2021-07-25 07:39:22
82,2394.41,125,51.06306055560708,5.201548431068659,26,2021-07-25 07:39:24
82,2395.12,124,51.063065165653825,5.2015411388129,26,2021-07-25 07:39:25
82,2396.13,124,51.06306734494865,5.201527141034603,26,2021-07-25 07:39:26
48,2397.04,124,51.06306198053062,5.201529655605555,26,2021-07-25 07:39:29
48,2400.59,124,51.0630302131176,5.201528985053301,26,2021-07-25 07:39:31
48,2406.8,125,51.06297438964248,5.20151674747467,26,2021-07-25 07:39:33
80,2416.97,124,51.062880428507924,5.201512137427926,26,2021-07-25 07:39:36
79,2437.38,122,51.06269979849458,5.201451200991869,26,2021-07-25 07:39:43
80,2449.6,122,51.0625862237066,5.201415158808231,26,2021-07-25 07:39:48
80,2461.88,121,51.06248966418207,5.201329160481691,26,2021-07-25 07:39:53
80,2468.07,120,51.06244741939008,5.201270654797554,26,2021-07-25 07:39:55
82,2481.28,122,51.06235999614,5.201138807460666,26,2021-07-25 07:40:01
41,2482.82,123,51.062350859865546,5.201113326475024,26,2021-07-25 07:40:03
79,2484.77,122,51.06233309023082,5.201110979542136,26,2021-07-25 07:40:05
0,2486.42,122,51.062321523204446,5.201125731691718,26,2021-07-25 07:40:06
78,2497.76,122,51.06226796284318,5.201267804950476,26,2021-07-25 07:40:14
78,2499.45,121,51.06226016767323,5.201288508251309,26,2021-07-25 07:40:15
78,2501.28,121,51.06224927119911,5.201307786628604,26,2021-07-25 07:40:17
71,2502.25,118,51.0622513666749,5.201290352270007,26,2021-07-25 07:40:19
71,2505.25,118,51.06224549934268,5.201324634253979,27,2021-07-25 07:40:23
76,2506.81,118,51.062245750799775,5.201346930116415,26,2021-07-25 07:40:24
78,2519.41,117,51.062212977558374,5.201517837122083,27,2021-07-25 07:40:29
79,2532.01,118,51.06218506582081,5.2016928512603045,27,2021-07-25 07:40:33
79,2537.21,118,51.06217609718442,5.201767785474658,27,2021-07-25 07:40:35
80,2550.25,121,51.0621218662709,5.201933830976486,27,2021-07-25 07:40:41
81,2566.68,122,51.062018517404795,5.202101552858949,27,2021-07-25 07:40:47
80,2582.25,124,51.06194199062884,5.202285535633564,27,2021-07-25 07:40:54
80,2584.34,124,51.061923801898956,5.202293414622545,27,2021-07-25 07:40:55
0,2585.64,123,51.06191164813936,5.202291738241911,27,2021-07-25 07:40:57
0,2585.64,123,51.06191181577742,5.2022903971374035,27,2021-07-25 07:40:58
0,2587.06,120,51.061897315084934,5.202268352732062,27,2021-07-25 07:41:06
64,2588.87,120,51.06188641861081,5.202288469299674,28,2021-07-25 07:41:09
64,2592.6,120,51.061862194910645,5.202325852587819,28,2021-07-25 07:41:11
82,2597.14,120,51.061832355335355,5.202370276674628,28,2021-07-25 07:41:13
82,2614.68,122,51.06172506697476,5.202555432915688,28,2021-07-25 07:41:20
84,2633.77,122,51.06161962263286,5.202780570834875,28,2021-07-25 07:41:27
81,2652.14,120,51.06151535175741,5.202987268567085,27,2021-07-25 07:41:34
81,2667.67,124,51.06143035925925,5.2031636238098145,28,2021-07-25 07:41:39
85,2680.45,126,51.06136581860483,5.203320700675249,28,2021-07-25 07:41:43
84,2700.72,127,51.06124369427562,5.203535696491599,27,2021-07-25 07:41:49
84,2722.42,129,51.0611115116626,5.203759577125311,27,2021-07-25 07:41:56
84,2724.62,129,51.0610924847424,5.2037703059613705,27,2021-07-25 07:41:57
0,2728.87,129,51.06105417944491,5.203781621530652,27,2021-07-25 07:41:59
0,2728.97,129,51.06104923412204,5.203788997605443,27,2021-07-25 07:42:01
0,2736.27,130,51.061082258820534,5.2037014067173,27,2021-07-25 07:42:06
84,2749.98,129,51.06116113252938,5.203550113365054,27,2021-07-25 07:42:11
84,2762.24,130,51.06121687218547,5.2033953834325075,28,2021-07-25 07:42:15
84,2765.41,130,51.06123355217278,5.203357329592109,27,2021-07-25 07:42:16
84,2781.0,130,51.06132390908897,5.203187931329012,28,2021-07-25 07:42:21
85,2795.98,131,51.061418959870934,5.2030369732528925,27,2021-07-25 07:42:26
84,2812.27,131,51.06151141226292,5.2028558403253555,27,2021-07-25 07:42:31
83,2834.89,131,51.06164971366525,5.202619386836886,27,2021-07-25 07:42:38
85,2851.66,132,51.061733616515994,5.202422244474292,27,2021-07-25 07:42:43
85,2867.12,133,51.06182179413736,5.202251086011529,27,2021-07-25 07:42:48
85,2886.07,133,51.06193419545889,5.202047908678651,27,2021-07-25 07:42:54
81,2905.22,134,51.0620595049113,5.201857974752784,27,2021-07-25 07:43:00
82,2911.25,135,51.062095295637846,5.201793350279331,27,2021-07-25 07:43:02
83,2924.43,137,51.062147011980414,5.201624454930425,27,2021-07-25 07:43:06
83,2946.77,138,51.06219478882849,5.201315749436617,27,2021-07-25 07:43:13
81,2959.73,141,51.06222169473767,5.201136125251651,27,2021-07-25 07:43:17
84,2972.26,143,51.062267292290926,5.200972929596901,27,2021-07-25 07:43:21
84,2990.5,145,51.06235253624618,5.200750473886728,27,2021-07-25 07:43:27
85,3005.9,143,51.062438199296594,5.200570011511445,27,2021-07-25 07:43:32
85,3026.51,142,51.062556048855186,5.200335821136832,27,2021-07-25 07:43:38
85,3035.75,141,51.0626158118248,5.200242614373565,27,2021-07-25 07:43:41
85,3054.57,141,51.06277079321444,5.200135912746191,27,2021-07-25 07:43:47
83,3072.04,142,51.062923930585384,5.200080592185259,27,2021-07-25 07:43:53
83,3092.65,143,51.063084779307246,5.199935249984264,27,2021-07-25 07:44:00
82,3107.0,143,51.06321134604514,5.19991060718894,27,2021-07-25 07:44:05
85,3118.48,143,51.0632701870054,5.199778759852052,27,2021-07-25 07:44:09
83,3140.14,142,51.06339851394296,5.19954021088779,27,2021-07-25 07:44:16
83,3155.82,142,51.063481494784355,5.199358994141221,27,2021-07-25 07:44:21
84,3178.37,142,51.06359590776265,5.199093036353588,27,2021-07-25 07:44:28
85,3199.49,141,51.0637123323977,5.19885515794158,27,2021-07-25 07:44:35
85,3202.4,140,51.06372163631022,5.198815930634737,27,2021-07-25 07:44:36
83,3218.85,140,51.06380855664611,5.198628092184663,27,2021-07-25 07:44:42
84,3239.89,138,51.06392632238567,5.198393817991018,27,2021-07-25 07:44:49
85,3249.6,138,51.06397569179535,5.198279740288854,27,2021-07-25 07:44:52
84,3271.36,140,51.06409773230553,5.198036832734942,27,2021-07-25 07:44:59
83,3293.98,141,51.06420979835093,5.197767773643136,27,2021-07-25 07:45:06
83,3296.43,141,51.06422731652856,5.1977454777807,27,2021-07-25 07:45:07
83,3318.34,138,51.064368551597,5.1975231897085905,27,2021-07-25 07:45:14
84,3321.54,138,51.06438372284174,5.197484465315938,27,2021-07-25 07:45:15
83,3331.17,140,51.06443200260401,5.197370136156678,27,2021-07-25 07:45:18
84,3340.59,143,51.06448195874691,5.1972616743296385,27,2021-07-25 07:45:21
85,3343.76,144,51.06449847109616,5.197224793955684,27,2021-07-25 07:45:22
83,3361.91,144,51.06459578499198,5.197017258033156,27,2021-07-25 07:45:28
84,3384.46,143,51.06471497565508,5.196757419034839,27,2021-07-25 07:45:35
82,3405.2,143,51.06482611969113,5.196519959717989,27,2021-07-25 07:45:42
83,3411.31,143,51.06486123986542,5.196452820673585,27,2021-07-25 07:45:44
82,3432.11,143,51.06497632339597,5.196218881756067,27,2021-07-25 07:45:51
83,3434.97,143,51.064991829916835,5.196186359971762,27,2021-07-25 07:45:52
84,3455.11,141,51.06510045938194,5.195956779643893,27,2021-07-25 07:45:59
82,3476.23,139,51.065227864310145,5.19573281519115,27,2021-07-25 07:46:06
82,3479.15,139,51.06524471193552,5.195700293406844,27,2021-07-25 07:46:07
83,3494.24,140,51.06532718986273,5.195529721677303,27,2021-07-25 07:46:12
84,3509.03,139,51.06541360728443,5.1953694596886635,27,2021-07-25 07:46:17
84,3527.47,139,51.06554553844035,5.195219926536083,27,2021-07-25 07:46:23
83,3539.55,139,51.06565316207707,5.195201737806201,27,2021-07-25 07:46:28
82,3540.66,139,51.06566187925637,5.195193607360125,27,2021-07-25 07:46:29
82,3545.35,139,51.06568199582398,5.195135185495019,27,2021-07-25 07:46:32
78,3552.59,137,51.06567948125303,5.195034854114056,27,2021-07-25 07:46:36
78,3556.0,135,51.06565282680094,5.195011887699366,27,2021-07-25 07:46:38
79,3559.33,134,51.0656223166734,5.195017587393522,27,2021-07-25 07:46:40
78,3564.19,131,51.06558334082365,5.195050528272986,27,2021-07-25 07:46:42
77,3566.68,129,51.06557403691113,5.1950655318796635,27,2021-07-25 07:46:44
80,3578.48,130,51.06567629612982,5.1950328424572945,27,2021-07-25 07:46:49
81,3580.54,130,51.06569280847907,5.195046337321401,27,2021-07-25 07:46:50
81,3588.17,131,51.06572784483433,5.195141471922398,27,2021-07-25 07:46:53
80,3593.3,131,51.065737064927816,5.195214729756117,27,2021-07-25 07:46:55
82,3601.53,131,51.06572700664401,5.195331238210201,27,2021-07-25 07:46:58
82,3604.14,132,51.065732622519135,5.195367867127061,27,2021-07-25 07:46:59
83,3611.79,132,51.065764892846346,5.195465600118041,27,2021-07-25 07:47:02
82,3626.49,134,51.06581283733249,5.195666262879968,27,2021-07-25 07:47:08
83,3647.88,134,51.06589749455452,5.1959434524178505,28,2021-07-25 07:47:15
83,3650.33,135,51.06590780429542,5.19597664475441,28,2021-07-25 07:47:16
84,3658.03,137,51.065933117643,5.196085358038545,28,2021-07-25 07:47:19
84,3666.34,140,51.065968573093414,5.196190970018506,28,2021-07-25 07:47:22
84,3671.45,140,51.065987180918455,5.19626104272902,28,2021-07-25 07:47:24
84,3674.06,140,51.06599380262196,5.196299934759736,28,2021-07-25 07:47:25
85,3682.67,140,51.06601542793214,5.196427088230848,28,2021-07-25 07:47:28
85,3691.17,139,51.066023809835315,5.196558432653546,28,2021-07-25 07:47:31
85,3706.44,140,51.06607988476753,5.196781978011131,28,2021-07-25 07:47:36
86,3722.61,141,51.06615196913481,5.196989765390754,28,2021-07-25 07:47:41
84,3744.03,142,51.06625414453447,5.1972749177366495,28,2021-07-25 07:47:47
84,3764.23,143,51.06634257361293,5.197531990706921,28,2021-07-25 07:47:53
84,3767.27,143,51.06635204516351,5.197574235498905,27,2021-07-25 07:47:54
86,3786.46,143,51.06642538681626,5.197832314297557,27,2021-07-25 07:48:00
86,3789.6,143,51.066426895558834,5.197877325117588,27,2021-07-25 07:48:01
83,3792.62,142,51.06643888168037,5.1979160495102406,27,2021-07-25 07:48:02
83,3800.63,143,51.06647852808237,5.1980209071189165,27,2021-07-25 07:48:05
85,3821.73,145,51.066542733460665,5.198307652026415,27,2021-07-25 07:48:11
85,3840.57,146,51.06662085279822,5.198548128828406,27,2021-07-25 07:48:17
83,3859.83,147,51.0667032469064,5.198794053867459,27,2021-07-25 07:48:23
84,3875.02,147,51.06670232489705,5.199019443243742,27,2021-07-25 07:48:28
84,3885.93,148,51.066722022369504,5.199177609756589,27,2021-07-25 07:48:33
83,3887.48,149,51.06671942397952,5.1992027554661036,27,2021-07-25 07:48:34
84,3893.82,149,51.066724034026265,5.199307529255748,27,2021-07-25 07:48:38
84,3896.14,149,51.06673752889037,5.199335776269436,27,2021-07-25 07:48:39
85,3907.46,148,51.06679217889905,5.199478855356574,27,2021-07-25 07:48:43
81,3911.02,146,51.066812463104725,5.199515987187624,27,2021-07-25 07:48:46
81,3912.44,146,51.066805254668,5.199499307200313,27,2021-07-25 07:48:47
82,3921.74,145,51.0667862277478,5.199374919757247,27,2021-07-25 07:48:51
81,3931.64,144,51.066822689026594,5.199244245886803,27,2021-07-25 07:48:55
79,3935.6,144,51.06685571372509,5.199223877862096,27,2021-07-25 07:48:57
83,3951.76,141,51.067000636830926,5.199193703010678,27,2021-07-25 07:49:03
83,3963.72,141,51.06710884720087,5.199176520109177,27,2021-07-25 07:49:06
84,3978.67,140,51.06724329292774,5.1991649530828,27,2021-07-25 07:49:11
83,3993.39,141,51.06737514026463,5.199184566736221,27,2021-07-25 07:49:16
83,4011.73,142,51.067539593204856,5.199161013588309,27,2021-07-25 07:49:21
84,4033.16,142,51.06773539446294,5.19917375408113,27,2021-07-25 07:49:26
85,4048.68,143,51.06787679716945,5.199163779616356,27,2021-07-25 07:49:31
84,4052.46,144,51.06791082769632,5.199168557301164,27,2021-07-25 07:49:32
84,4073.63,144,51.0681018512696,5.199183560907841,27,2021-07-25 07:49:38
84,4075.61,144,51.06811987236142,5.199184315279126,27,2021-07-25 07:49:39
84,4078.78,143,51.06814920902252,5.199186997488141,27,2021-07-25 07:49:41
83,4090.27,142,51.06825314462185,5.199175849556923,27,2021-07-25 07:49:44
83,4105.72,142,51.06839337386191,5.199191188439727,27,2021-07-25 07:49:49
85,4122.14,142,51.068542739376426,5.199182890355587,27,2021-07-25 07:49:55
81,4143.37,143,51.06873300857842,5.199150117114186,27,2021-07-25 07:50:01
83,4153.59,143,51.0688257124275,5.199148105457425,27,2021-07-25 07:50:04
83,4166.41,145,51.068941466510296,5.199117343872786,27,2021-07-25 07:50:08
86,4187.38,147,51.0691328253597,5.199092701077461,27,2021-07-25 07:50:13
85,4209.07,148,51.06932753697038,5.199080044403672,27,2021-07-25 07:50:19
85,4229.47,148,51.069511184468865,5.199084486812353,27,2021-07-25 07:50:26
85,4232.25,148,51.06953624635935,5.199086330831051,27,2021-07-25 07:50:27
83,4235.91,146,51.06956960633397,5.199096221476793,27,2021-07-25 07:50:29
80,4238.76,144,51.069585867226124,5.199127485975623,27,2021-07-25 07:50:31
79,4240.28,144,51.06958779506385,5.199148859828711,27,2021-07-25 07:50:32
79,4246.86,143,51.06959014199674,5.199247766286135,27,2021-07-25 07:50:35
80,4249.14,142,51.06958720833063,5.199283808469772,27,2021-07-25 07:50:36
81,4257.05,141,51.0695921536535,5.199394868686795,27,2021-07-25 07:50:40
81,4259.37,141,51.06961243785918,5.199402496218681,27,2021-07-25 07:50:41
83,4269.71,139,51.069689048454165,5.199307193979621,27,2021-07-25 07:50:45
80,4288.66,139,51.06983430683613,5.199158918112516,27,2021-07-25 07:50:51
82,4291.67,139,51.069855596870184,5.199131928384304,27,2021-07-25 07:50:52
83,4312.6,138,51.07002692297101,5.199006199836731,27,2021-07-25 07:50:58
83,4316.18,137,51.07005726546049,5.198987675830722,27,2021-07-25 07:50:59
83,4337.8,138,51.070243092253804,5.198892457410693,27,2021-07-25 07:51:06
83,4358.34,140,51.070420453324914,5.198805369436741,27,2021-07-25 07:51:12
82,4360.74,140,51.07043989934027,5.1987904496490955,27,2021-07-25 07:51:13
81,4373.06,140,51.07054685242474,5.198743594810367,27,2021-07-25 07:51:17
83,4391.6,140,51.07070015743375,5.198628846555948,27,2021-07-25 07:51:23
84,4410.76,141,51.07085019350052,5.198492640629411,27,2021-07-25 07:51:29
83,4423.83,142,51.07093510217965,5.198360625654459,27,2021-07-25 07:51:34
83,4426.33,142,51.070954548195004,5.198342353105545,27,2021-07-25 07:51:35
83,4431.48,142,51.070993691682816,5.198305221274495,27,2021-07-25 07:51:37
82,4437.34,142,51.0710393730551,5.1982594560831785,27,2021-07-25 07:51:39
82,4439.86,142,51.07106233946979,5.198243614286184,27,2021-07-25 07:51:40
83,4449.16,142,51.07114062644541,5.198282925412059,27,2021-07-25 07:51:43
82,4463.02,142,51.07123383320868,5.19841443747282,27,2021-07-25 07:51:48
81,4482.08,142,51.07138571329415,5.198539914563298,27,2021-07-25 07:51:55
83,4503.8,142,51.071560475975275,5.198678635060787,27,2021-07-25 07:52:02
84,4506.8,142,51.07158260419965,5.198703110218048,27,2021-07-25 07:52:03
84,4527.74,140,51.07174672186375,5.19884979352355,27,2021-07-25 07:52:09
85,4531.32,140,51.071776477620006,5.198870161548257,27,2021-07-25 07:52:10
82,4548.9,140,51.071916623041034,5.198983820155263,27,2021-07-25 07:52:16
84,4570.01,140,51.07208887115121,5.199109967797995,27,2021-07-25 07:52:22
85,4587.96,142,51.0722241550684,5.19925044849515,27,2021-07-25 07:52:29
83,4605.98,142,51.07236874289811,5.199369974434376,27,2021-07-25 07:52:35
85,4621.25,143,51.072484916076064,5.19948841072619,27,2021-07-25 07:52:41
85,4626.25,143,51.07252037152648,5.199538953602314,27,2021-07-25 07:52:43
85,4631.36,143,51.07255809009075,5.199584132060409,27,2021-07-25 07:52:45
85,4636.53,143,51.07259765267372,5.199635680764914,27,2021-07-25 07:52:47
85,4640.11,143,51.072610560804605,5.1996946055442095,27,2021-07-25 07:52:49
85,4643.06,143,51.07262891717255,5.199726792052388,27,2021-07-25 07:52:50
85,4653.63,144,51.072702426463366,5.199833074584603,27,2021-07-25 07:52:53
85,4674.31,144,51.07284441590309,5.200030971318483,27,2021-07-25 07:52:59
85,4680.81,145,51.07289185747504,5.200095092877746,27,2021-07-25 07:53:01
84,4703.13,144,51.07300057075918,5.200362056493759,27,2021-07-25 07:53:07
84,4706.31,144,51.07301473617554,5.200402792543173,27,2021-07-25 07:53:08
84,4718.68,146,51.07304994016886,5.200571855530143,27,2021-07-25 07:53:13
85,4721.6,146,51.07305337674916,5.200614435598254,27,2021-07-25 07:53:14
86,4734.95,148,51.073116743937135,5.20078232511878,27,2021-07-25 07:53:19
85,4737.31,147,51.07312688603997,5.200815601274371,27,2021-07-25 07:53:20
84,4746.76,146,51.07316552661359,5.200936971232295,27,2021-07-25 07:53:23
84,4751.62,145,51.073195366188884,5.2010019309818745,27,2021-07-25 07:53:25
84,4757.76,144,51.07323031872511,5.20109505392611,27,2021-07-25 07:53:28
82,4770.52,143,51.07326929457486,5.201270906254649,27,2021-07-25 07:53:34
82,4788.52,143,51.073373733088374,5.201471233740449,27,2021-07-25 07:53:40
83,4803.42,142,51.07345554046333,5.201648930087686,27,2021-07-25 07:53:45
82,4821.93,142,51.07356693595648,5.201874068006873,27,2021-07-25 07:53:51
83,4828.02,143,51.0735950153321,5.201953360810876,27,2021-07-25 07:53:53
83,4833.57,143,51.07361638918519,5.202025612816215,27,2021-07-25 07:53:55
83,4839.05,143,51.07363533228636,5.202099625021219,27,2021-07-25 07:53:57
83,4844.59,142,51.07364237308502,5.2021796721965075,27,2021-07-25 07:53:59
83,4847.31,142,51.07365402393043,5.202214037999511,27,2021-07-25 07:54:00
83,4853.09,142,51.0736885573715,5.202281512320042,27,2021-07-25 07:54:02
83,4855.4,142,51.073695765808225,5.202318392693996,27,2021-07-25 07:54:03
82,4870.42,142,51.073765167966485,5.202512433752418,27,2021-07-25 07:54:08
84,4886.39,142,51.073851669207215,5.202695410698652,27,2021-07-25 07:54:13
84,4889.96,142,51.07386834919453,5.202739667147398,27,2021-07-25 07:54:14
85,4903.86,141,51.0739509947598,5.20290931686759,27,2021-07-25 07:54:18
84,4913.21,141,51.074003633111715,5.2030295971781015,27,2021-07-25 07:54:21
84,4930.95,140,51.07409030199051,5.203236630186439,27,2021-07-25 07:54:26
83,4942.74,141,51.074144449085,5.2033815532922745,27,2021-07-25 07:54:30
83,4958.19,141,51.07421401888132,5.203571738675237,27,2021-07-25 07:54:35
83,4960.92,141,51.0742221493274,5.20360903814435,27,2021-07-25 07:54:36
84,4968.43,142,51.0742446128279,5.203709956258535,27,2021-07-25 07:54:39
84,4970.81,142,51.07424637302756,5.20374440588057,27,2021-07-25 07:54:40
83,4977.45,142,51.07425450347364,5.203838283196092,27,2021-07-25 07:54:43
85,4996.9,143,51.07434703968465,5.204072222113609,27,2021-07-25 07:54:49
84,5014.22,143,51.07440596446395,5.204297192394733,27,2021-07-25 07:54:54
83,5024.01,141,51.07443890534341,5.204426860436797,27,2021-07-25 07:54:57
83,5027.65,141,51.07446111738682,5.204465165734291,27,2021-07-25 07:54:58
85,5050.05,146,51.0745710041374,5.204729028046131,27,2021-07-25 07:55:04
84,5060.74,149,51.07460134662688,5.20487898029387,27,2021-07-25 07:55:07
84,5067.14,152,51.0746140871197,5.204970259219408,27,2021-07-25 07:55:09
84,5072.52,152,51.074620792642236,5.205046869814396,27,2021-07-25 07:55:11
83,5086.65,151,51.07460796833038,5.205261027440429,27,2021-07-25 07:55:16
85,5107.81,151,51.0746296774596,5.205568391829729,27,2021-07-25 07:55:23
84,5127.51,149,51.07467292807996,5.205841725692153,28,2021-07-25 07:55:29
85,5142.18,149,51.074679382145405,5.206055045127869,28,2021-07-25 07:55:34
85,5156.84,148,51.07467468827963,5.206265095621347,28,2021-07-25 07:55:39
85,5159.99,148,51.07467125169933,5.206310106441379,28,2021-07-25 07:55:40
85,5163.78,148,51.074678879231215,5.206362744793296,28,2021-07-25 07:55:41
82,5178.38,147,51.0746970679611,5.206567933782935,28,2021-07-25 07:55:45
83,5190.18,146,51.07470888644457,5.206735907122493,28,2021-07-25 07:55:49
82,5193.34,146,51.074706707149744,5.206781085580587,28,2021-07-25 07:55:50
83,5213.33,146,51.07470586895943,5.207068584859371,28,2021-07-25 07:55:56
82,5228.73,147,51.07472447678447,5.207289280369878,28,2021-07-25 07:56:01
83,5231.95,148,51.074737049639225,5.207332782447338,28,2021-07-25 07:56:02
83,5244.46,149,51.07474576681852,5.2075099758803844,28,2021-07-25 07:56:06
84,5247.59,150,51.07474266551435,5.207554819062352,29,2021-07-25 07:56:07
83,5269.5,149,51.07472514733672,5.207867296412587,29,2021-07-25 07:56:14
83,5288.07,147,51.074752220883965,5.208131577819586,29,2021-07-25 07:56:20
84,5305.09,147,51.07484492473304,5.208331905305386,29,2021-07-25 07:56:25
84,5323.39,147,51.07487250119448,5.208585290238261,29,2021-07-25 07:56:31
83,5334.85,147,51.07486738823354,5.208751671016216,29,2021-07-25 07:56:35
84,5340.08,148,51.07486856169999,5.2088266890496016,29,2021-07-25 07:56:37
84,5348.38,148,51.07487962581217,5.20894437097013,29,2021-07-25 07:56:40
84,5353.59,148,51.07488616369665,5.209021149203181,29,2021-07-25 07:56:42
83,5359.33,148,51.07490133494139,5.209105974063277,29,2021-07-25 07:56:44
83,5365.42,148,51.07490502297878,5.209192894399166,29,2021-07-25 07:56:46
83,5384.62,148,51.07496947981417,5.209451727569103,29,2021-07-25 07:56:52
83,5389.85,148,51.07497978955507,5.209524733945727,29,2021-07-25 07:56:54
83,5395.59,147,51.07499630190432,5.209603440016508,29,2021-07-25 07:56:56
83,5413.03,145,51.07506914064288,5.209825895726681,29,2021-07-25 07:57:01
84,5421.65,145,51.07506955973804,5.209947936236858,28,2021-07-25 07:57:04
84,5430.32,146,51.0750940348953,5.210069138556719,29,2021-07-25 07:57:07
83,5450.84,145,51.07512194663286,5.210360661149025,29,2021-07-25 07:57:14
83,5469.96,145,51.075095878914,5.210632653906941,29,2021-07-25 07:57:20
84,5490.07,146,51.075096214190125,5.210920991376042,29,2021-07-25 07:57:27
84,5506.11,146,51.0751217789948,5.211154595017433,29,2021-07-25 07:57:33
83,5523.56,148,51.075147930532694,5.211414098739624,29,2021-07-25 07:57:39
82,5526.69,149,51.07516377232969,5.211456678807735,28,2021-07-25 07:57:40
82,5529.45,149,51.075172405689955,5.211502108722925,29,2021-07-25 07:57:41
81,5534.73,150,51.07520090416074,5.211590034887195,29,2021-07-25 07:57:43
81,5541.25,150,51.075222278013825,5.211680307984352,29,2021-07-25 07:57:45
81,5547.0,150,51.07523652724922,5.211758175864816,29,2021-07-25 07:57:47
83,5558.05,150,51.075297966599464,5.211885245516896,28,2021-07-25 07:57:50
83,5576.1,150,51.075357645750046,5.212125387042761,28,2021-07-25 07:57:56
83,5592.55,147,51.07533794827759,5.212360080331564,28,2021-07-25 07:58:01
84,5612.31,147,51.075309952721,5.2126500103622675,28,2021-07-25 07:58:07
84,5632.2,146,51.07530551031232,5.212947735562921,28,2021-07-25 07:58:14
83,5641.93,146,51.0753564722836,5.213076900690794,28,2021-07-25 07:58:18
82,5655.04,144,51.07538463547826,5.213263565674424,28,2021-07-25 07:58:23
83,5675.48,143,51.07537751086056,5.2135570999234915,28,2021-07-25 07:58:30
83,5684.41,144,51.07538371346891,5.213684001937509,29,2021-07-25 07:58:33
83,5699.33,144,51.075406428426504,5.213897572830319,28,2021-07-25 07:58:38
83,5714.19,145,51.07545889914036,5.214098067954183,29,2021-07-25 07:58:43
83,5731.3,147,51.07552729547024,5.214326893910766,28,2021-07-25 07:58:49
83,5747.73,147,51.075546741485596,5.214560413733125,28,2021-07-25 07:58:54
84,5765.84,146,51.07555579394102,5.2148231863975525,28,2021-07-25 07:59:00
84,5778.19,145,51.075627794489264,5.214957715943456,28,2021-07-25 07:59:04
82,5799.43,145,51.07581043615937,5.215057209134102,29,2021-07-25 07:59:09
82,5810.73,145,51.07590691186488,5.215111188590527,28,2021-07-25 07:59:12
83,5824.59,145,51.07599567621946,5.215247226879001,29,2021-07-25 07:59:17
83,5832.56,146,51.07597505673766,5.21535518579185,29,2021-07-25 07:59:20
82,5834.89,146,51.075962986797094,5.215382594615221,29,2021-07-25 07:59:21
82,5847.19,144,51.07589970342815,5.215526092797518,29,2021-07-25 07:59:27
84,5861.89,143,51.07581554912031,5.215686438605189,29,2021-07-25 07:59:33
84,5876.26,143,51.07577162794769,5.215871259570122,29,2021-07-25 07:59:38
84,5890.98,145,51.07579308561981,5.216085333377123,29,2021-07-25 07:59:43
83,5906.07,145,51.07583658769727,5.216294294223189,29,2021-07-25 07:59:48
85,5918.01,146,51.07585779391229,5.216463524848223,29,2021-07-25 07:59:52
84,5920.78,146,51.075873635709286,5.216503841802478,29,2021-07-25 07:59:53
83,5941.64,146,51.0759712010622,5.21678295917809,29,2021-07-25 07:59:59
84,5950.51,146,51.07600296847522,5.216897455975413,29,2021-07-25 08:00:02
84,5953.44,146,51.07600565068424,5.216939952224493,29,2021-07-25 08:00:03
84,5956.53,146,51.076010931283236,5.216983538120985,29,2021-07-25 08:00:04
85,5963.17,145,51.07603305950761,5.2170702908188105,29,2021-07-25 08:00:06
84,5969.58,144,51.07606113888323,5.2171500865370035,29,2021-07-25 08:00:08
85,5977.84,144,51.07607027515769,5.217272127047181,29,2021-07-25 08:00:11
85,5983.5,144,51.07606876641512,5.217353347688913,29,2021-07-25 08:00:13
83,5999.24,143,51.076069017872214,5.2175777312368155,29,2021-07-25 08:00:19
83,6017.86,143,51.07610790990293,5.2178306970745325,29,2021-07-25 08:00:25
84,6037.67,145,51.07614118605852,5.218098666518927,29,2021-07-25 08:00:31
85,6058.16,146,51.076072035357356,5.218373006209731,29,2021-07-25 08:00:37
85,6061.02,146,51.07607119716704,5.2184138260781765,29,2021-07-25 08:00:38
86,6066.84,146,51.076077818870544,5.218496220186353,29,2021-07-25 08:00:40
85,6071.97,146,51.0760784894228,5.218569478020072,29,2021-07-25 08:00:42
84,6093.96,146,51.07609801925719,5.218878770247102,29,2021-07-25 08:00:49
84,6097.13,146,51.07610187493265,5.218923697248101,29,2021-07-25 08:00:50
84,6115.38,146,51.07611947692931,5.21918211132288,29,2021-07-25 08:00:56
85,6132.09,146,51.07615183107555,5.219415295869112,29,2021-07-25 08:01:01
86,6140.09,146,51.07615862041712,5.21953004412353,29,2021-07-25 08:01:04
83,6157.44,146,51.07619617134333,5.219769263640046,29,2021-07-25 08:01:10
83,6180.48,146,51.076202876865864,5.2200963255018,29,2021-07-25 08:01:17
83,6203.03,146,51.076203882694244,5.220421627163887,29,2021-07-25 08:01:24
84,6212.14,147,51.076194578781724,5.22054978646338,29,2021-07-25 08:01:27
85,6224.31,148,51.07618376612663,5.220723459497094,30,2021-07-25 08:01:31
85,6227.45,148,51.07617965899408,5.220768051221967,29,2021-07-25 08:01:32
85,6245.28,146,51.07616733759642,5.221023531630635,30,2021-07-25 08:01:38
83,6264.74,146,51.07618963345885,5.221299966797233,30,2021-07-25 08:01:44
84,6280.71,146,51.07620748691261,5.221528876572847,30,2021-07-25 08:01:49
83,6298.54,147,51.07619281858206,5.221780836582184,30,2021-07-25 08:01:55
83,6301.43,146,51.076185274869204,5.221820482984185,30,2021-07-25 08:01:56
85,6320.23,148,51.076150657609105,5.222082249820232,30,2021-07-25 08:02:02
83,6341.31,148,51.07608410529792,5.222358349710703,30,2021-07-25 08:02:09
85,6363.11,147,51.07598184607923,5.222624223679304,30,2021-07-25 08:02:16
86,6366.18,147,51.075970781967044,5.222665462642908,30,2021-07-25 08:02:17
83,6380.85,147,51.07587858103216,5.222823629155755,30,2021-07-25 08:02:23
0,6384.06,147,51.07584438286722,5.222834860906005,30,2021-07-25 08:02:27
0,6384.08,147,51.075842287391424,5.22283561527729,30,2021-07-25 08:02:28
0,6386.69,144,51.075852094218135,5.2228514570742846,30,2021-07-25 08:02:32
0,6389.95,142,51.075854022055864,5.222895545884967,30,2021-07-25 08:02:34
82,6401.4,140,51.07579710893333,5.223032422363758,30,2021-07-25 08:02:39
82,6414.6,141,51.07571211643517,5.223169717937708,30,2021-07-25 08:02:45
83,6421.62,140,51.07566760852933,5.223241047933698,29,2021-07-25 08:02:48
83,6428.27,139,51.07562159188092,5.223301146179438,30,2021-07-25 08:02:51
84,6437.76,138,51.07554841786623,5.223374152556062,29,2021-07-25 08:02:55
83,6450.9,138,51.07543568126857,5.223440285772085,29,2021-07-25 08:03:00
84,6470.93,139,51.075274581089616,5.22357976064086,29,2021-07-25 08:03:07
84,6474.11,140,51.07524658553302,5.223592082038522,29,2021-07-25 08:03:08
83,6477.11,140,51.07521858997643,5.223596356809139,29,2021-07-25 08:03:09
80,6497.73,140,51.07503972016275,5.223686462268233,29,2021-07-25 08:03:14
84,6518.51,140,51.07486420311034,5.223786793649197,29,2021-07-25 08:03:20
83,6529.19,140,51.07477200217545,5.223830966278911,29,2021-07-25 08:03:23
84,6550.96,140,51.07457854785025,5.223877318203449,29,2021-07-25 08:03:30
83,6553.27,140,51.074557676911354,5.223876144737005,29,2021-07-25 08:03:31
85,6574.61,141,51.07436606660485,5.2238622307777405,28,2021-07-25 08:03:38
85,6583.93,141,51.07428224757314,5.223854435607791,29,2021-07-25 08:03:41
84,6587.03,141,51.07425441965461,5.2238489873707294,28,2021-07-25 08:03:42
84,6598.95,141,51.07414931058884,5.223815711215138,28,2021-07-25 08:03:46
84,6611.73,142,51.07403766363859,5.223771873861551,28,2021-07-25 08:03:50
84,6632.45,143,51.07385577633977,5.223705656826496,28,2021-07-25 08:03:57
84,6637.87,143,51.073808167129755,5.223689312115312,28,2021-07-25 08:03:59
84,6660.18,143,51.07361253350973,5.223615802824497,28,2021-07-25 08:04:06
84,6669.08,143,51.07353416271508,5.223588142544031,28,2021-07-25 08:04:09
85,6689.93,143,51.073349341750145,5.223540952429175,28,2021-07-25 08:04:16
83,6710.98,143,51.07316326349974,5.223486805334687,28,2021-07-25 08:04:23
83,6713.38,143,51.07314205728471,5.223481273278594,28,2021-07-25 08:04:24
82,6725.75,143,51.07303141616285,5.223492672666907,28,2021-07-25 08:04:29
85,6744.04,142,51.07286922633648,5.223528379574418,28,2021-07-25 08:04:35
82,6764.2,143,51.07269102707505,5.223577497527003,28,2021-07-25 08:04:42
83,6774.04,146,51.07260259799659,5.223577581346035,28,2021-07-25 08:04:45
84,6780.95,149,51.07254040427506,5.223577581346035,28,2021-07-25 08:04:47
85,6787.3,150,51.072482485324144,5.2235836163163185,28,2021-07-25 08:04:49
85,6807.42,149,51.07230202294886,5.2235738933086395,28,2021-07-25 08:04:55
84,6814.22,149,51.072241086512804,5.22359442897141,28,2021-07-25 08:04:57
84,6836.59,147,51.07203966937959,5.223591327667236,28,2021-07-25 08:05:04
84,6857.31,146,51.07185484841466,5.223543131724,28,2021-07-25 08:05:11
84,6860.2,146,51.07182894833386,5.223538773134351,28,2021-07-25 08:05:12
85,6882.09,146,51.071632811799645,5.223510023206472,28,2021-07-25 08:05:20
85,6895.74,146,51.071511106565595,5.2234781719744205,29,2021-07-25 08:05:25
85,6904.86,146,51.07142913155258,5.223473226651549,28,2021-07-25 08:05:28
84,6926.26,146,51.071237521246076,5.223455373197794,29,2021-07-25 08:05:35
84,6933.07,146,51.07117767445743,5.223469790071249,29,2021-07-25 08:05:38
84,6937.31,146,51.071153953671455,5.223515219986439,29,2021-07-25 08:05:40
84,6953.12,146,51.07110617682338,5.223725521937013,29,2021-07-25 08:05:46
85,6962.15,146,51.07105588540435,5.223826775327325,29,2021-07-25 08:05:49
85,6971.33,146,51.071000564843416,5.223924089223146,29,2021-07-25 08:05:52
86,6976.78,147,51.07096544466913,5.223978403955698,29,2021-07-25 08:05:54
86,6996.93,146,51.07086829841137,5.2242171205580235,29,2021-07-25 08:06:01
86,6999.42,146,51.0708665382117,5.224252492189407,29,2021-07-25 08:06:02
86,7006.55,147,51.07087760232389,5.224353410303593,29,2021-07-25 08:06:05
86,7011.74,147,51.07087173499167,5.224427590146661,29,2021-07-25 08:06:07
86,7024.13,148,51.070933593437076,5.22458391264081,30,2021-07-25 08:06:11
86,7040.69,148,51.0710150655359,5.224799998104572,30,2021-07-25 08:06:17
85,7053.26,149,51.071057142689824,5.2249654568731785,30,2021-07-25 08:06:22
85,7065.33,149,51.071106093004346,5.225122617557645,30,2021-07-25 08:06:27
85,7068.24,149,51.07112042605877,5.225158995017409,30,2021-07-25 08:06:28
85,7080.79,147,51.07119536027312,5.225302493199706,30,2021-07-25 08:06:32
85,7103.5,146,51.071300050243735,5.225589154288173,30,2021-07-25 08:06:40
83,7121.58,147,51.07139132916927,5.225802473723888,30,2021-07-25 08:06:46
83,7136.95,147,51.07147162780166,5.225986540317535,30,2021-07-25 08:06:51
83,7157.1,147,51.07154907658696,5.2262504026293755,30,2021-07-25 08:06:57
84,7163.46,146,51.07156458310783,5.226337658241391,30,2021-07-25 08:06:59
84,7185.5,148,51.071584448218346,5.226648794487119,30,2021-07-25 08:07:06
84,7189.3,148,51.07157631777227,5.226702690124512,30,2021-07-25 08:07:07
85,7203.68,148,51.07156592421234,5.22690829820931,30,2021-07-25 08:07:12
85,7224.51,149,51.07153080403805,5.227200826629996,31,2021-07-25 08:07:19
86,7227.42,148,51.07152166776359,5.227239718660712,31,2021-07-25 08:07:20
84,7244.87,149,51.07147263363004,5.227472065016627,31,2021-07-25 08:07:26
82,7257.15,149,51.07144840992987,5.227642050012946,31,2021-07-25 08:07:31
82,7259.17,149,51.0714469011873,5.227670883759856,31,2021-07-25 08:07:32
82,7261.18,149,51.071439273655415,5.227697119116783,31,2021-07-25 08:07:33
82,7267.18,150,51.071394765749574,5.227744560688734,31,2021-07-25 08:07:36
82,7268.48,150,51.07138269580901,5.227747326716781,31,2021-07-25 08:07:37
0,7272.9,149,51.07138269580901,5.227786218747497,31,2021-07-25 08:07:41
0,7280.39,146,51.07140784151852,5.227880515158176,31,2021-07-25 08:07:44
79,7283.13,145,51.071401135995984,5.2279184851795435,31,2021-07-25 08:07:45
81,7300.36,143,51.07133508659899,5.228144880384207,31,2021-07-25 08:07:51
79,7315.39,142,51.07129971496761,5.228352667763829,31,2021-07-25 08:07:57
82,7337.43,140,51.071248669177294,5.228655086830258,32,2021-07-25 08:08:05
82,7342.29,137,51.071239449083805,5.228722980245948,32,2021-07-25 08:08:07
83,7354.43,135,51.07120743021369,5.22888726554811,32,2021-07-25 08:08:12
83,7369.63,135,51.07117381878197,5.229096980765462,32,2021-07-25 08:08:18
83,7384.09,137,51.07112570665777,5.229286579415202,32,2021-07-25 08:08:23
84,7386.69,137,51.07112252153456,5.229323711246252,32,2021-07-25 08:08:24
83,7404.21,140,51.07111271470785,5.229570223018527,32,2021-07-25 08:08:31
84,7410.14,140,51.07112713158131,5.229653706774116,32,2021-07-25 08:08:33
84,7414.95,140,51.07112872414291,5.229726377874613,32,2021-07-25 08:08:35
83,7416.97,140,51.071120761334896,5.229753367602825,32,2021-07-25 08:08:36
84,7427.43,141,51.07108530588448,5.229889992624521,32,2021-07-25 08:08:40
85,7430.49,142,51.071097208186984,5.2299299743026495,32,2021-07-25 08:08:41
85,7443.15,145,51.07111942023039,5.230112448334694,32,2021-07-25 08:08:45
85,7445.42,146,51.071126125752926,5.230143377557397,32,2021-07-25 08:08:46
85,7465.7,148,51.071137776598334,5.2304312121123075,32,2021-07-25 08:08:53
85,7482.3,150,51.07113174162805,5.230669258162379,31,2021-07-25 08:08:59
85,7501.5,151,51.07109662145376,5.23093705996871,31,2021-07-25 08:09:06
84,7506.12,152,51.071090921759605,5.2310022711753845,31,2021-07-25 08:09:08
84,7522.74,153,51.07107549905777,5.231237718835473,31,2021-07-25 08:09:15
83,7524.04,152,51.071073738858104,5.231256326660514,31,2021-07-25 08:09:16
81,7526.65,152,51.07106829062104,5.231291530653834,31,2021-07-25 08:09:18
0,7528.72,152,51.071055214852095,5.231317263096571,31,2021-07-25 08:09:22
0,7534.5,152,51.07102042995393,5.231378115713596,31,2021-07-25 08:09:27
80,7537.29,149,51.071016071364284,5.231419857591391,31,2021-07-25 08:09:29
80,7538.17,148,51.071021016687155,5.23143058642745,31,2021-07-25 08:09:30
80,7539.21,147,51.071030320599675,5.231432933360338,31,2021-07-25 08:09:31
83,7556.18,148,51.071181781589985,5.231457157060504,31,2021-07-25 08:09:36
82,7558.82,148,51.07120550237596,5.231458833441138,31,2021-07-25 08:09:37
82,7561.79,148,51.071232156828046,5.231462689116597,31,2021-07-25 08:09:38
81,7573.2,149,51.071335170418024,5.231461012735963,31,2021-07-25 08:09:43
81,7575.66,150,51.071356292814016,5.231471825391054,31,2021-07-25 08:09:44
81,7584.99,154,51.07143382541835,5.231524631381035,31,2021-07-25 08:09:48
81,7586.66,155,51.07144748792052,5.231534605845809,31,2021-07-25 08:09:49
82,7601.88,156,51.0715798381716,5.231590596958995,31,2021-07-25 08:09:54
82,7604.59,156,51.07160330750048,5.231600906699896,31,2021-07-25 08:09:55
83,7617.37,157,51.07171570882201,5.231631835922599,31,2021-07-25 08:10:00
84,7624.9,158,51.07178343459964,5.231635440140963,31,2021-07-25 08:10:03
85,7633.32,158,51.071859542280436,5.231627896428108,31,2021-07-25 08:10:06
85,7638.39,159,51.07190522365272,5.2316186763346195,31,2021-07-25 08:10:08
84,7644.1,159,51.07195635326207,5.231620604172349,31,2021-07-25 08:10:10
83,7645.5,159,51.071967501193285,5.23163041099906,31,2021-07-25 08:10:11
83,7652.35,160,51.07202290557325,5.2316731587052345,31,2021-07-25 08:10:13
83,7661.27,159,51.0720996838063,5.231712134554982,31,2021-07-25 08:10:16
83,7667.21,160,51.07215081341565,5.2317361906170845,31,2021-07-25 08:10:18
83,7676.22,161,51.07222910039127,5.231768628582358,30,2021-07-25 08:10:22
84,7681.45,163,51.07227302156389,5.231795366853476,30,2021-07-25 08:10:24
85,7687.42,163,51.072322307154536,5.231829229742289,30,2021-07-25 08:10:26
85,7701.26,163,51.07244032435119,5.231893099844456,30,2021-07-25 08:10:30
83,7718.98,162,51.07259304262698,5.231964262202382,30,2021-07-25 08:10:36
84,7739.62,161,51.07276554219425,5.232072304934263,30,2021-07-25 08:10:43
84,7745.15,161,51.072813319042325,5.232094433158636,30,2021-07-25 08:10:45
84,7760.19,162,51.07293628156185,5.232181856408715,30,2021-07-25 08:10:51
85,7770.66,163,51.07301599346101,5.232262071222067,30,2021-07-25 08:10:54
84,7787.36,162,51.07314960099757,5.23237070068717,30,2021-07-25 08:10:59
83,7810.88,163,51.07331925071776,5.232573794201016,30,2021-07-25 08:11:07
83,7832.27,163,51.07348579913378,5.232727350667119,30,2021-07-25 08:11:13
82,7834.57,163,51.07350306585431,5.232745204120874,30,2021-07-25 08:11:14
84,7848.06,162,51.07359627261758,5.232868501916528,30,2021-07-25 08:11:19
83,7853.34,164,51.07363256625831,5.232917871326208,30,2021-07-25 08:11:21
83,7872.84,166,51.07377824373543,5.233070170506835,30,2021-07-25 08:11:29
80,7888.4,166,51.073900535702705,5.233176536858082,30,2021-07-25 08:11:35
81,7901.57,163,51.073984103277326,5.233311569318175,30,2021-07-25 08:11:40
82,7905.98,162,51.074015786871314,5.233349371701479,30,2021-07-25 08:11:41
83,7926.12,160,51.07415081933141,5.233544418588281,30,2021-07-25 08:11:47
82,7936.0,161,51.07421494089067,5.233642486855388,30,2021-07-25 08:11:50
83,7955.66,160,51.074367575347424,5.233783051371574,30,2021-07-25 08:11:56
83,7977.96,158,51.074530854821205,5.23396803997457,30,2021-07-25 08:12:03
83,7985.83,157,51.07457544654608,5.234055882319808,30,2021-07-25 08:12:06
82,8008.68,156,51.07472841627896,5.23427196778357,30,2021-07-25 08:12:13
82,8012.14,156,51.07474962249398,5.234308345243335,30,2021-07-25 08:12:14
81,8032.87,152,51.0749040171504,5.234474474564195,30,2021-07-25 08:12:21
84,8048.06,154,51.07501088641584,5.234608920291066,30,2021-07-25 08:12:26
84,8054.68,154,51.07505883090198,5.234664911404252,30,2021-07-25 08:12:28
83,8076.94,152,51.075217919424176,5.234856521710753,30,2021-07-25 08:12:35
83,8080.17,152,51.07524407096207,5.23487638682127,30,2021-07-25 08:12:36
82,8098.31,151,51.075381031259894,5.235015610232949,30,2021-07-25 08:12:42
82,8110.13,153,51.075464682653546,5.235119629651308,30,2021-07-25 08:12:46
83,8123.08,152,51.07554456219077,5.23525508120656,30,2021-07-25 08:12:50
82,8126.24,153,51.07556224800646,5.235292548313737,30,2021-07-25 08:12:51
83,8147.03,152,51.07569392770529,5.235505700111389,30,2021-07-25 08:12:58
83,8169.21,153,51.075822254642844,5.235751373693347,30,2021-07-25 08:13:05
84,8177.64,153,51.07587531208992,5.235837372019887,30,2021-07-25 08:13:08
84,8200.04,154,51.07602174393833,5.236056474968791,30,2021-07-25 08:13:15
83,8203.08,154,51.07604093849659,5.236087488010526,30,2021-07-25 08:13:16
83,8206.17,154,51.07606038451195,5.236119171604514,30,2021-07-25 08:13:17
84,8227.08,153,51.07618988491595,5.236334502696991,30,2021-07-25 08:13:24
84,8236.93,150,51.07625534757972,5.236429134383798,30,2021-07-25 08:13:27
83,8248.34,147,51.076320726424456,5.236554276198149,30,2021-07-25 08:13:31
83,8260.19,148,51.076384261250496,5.2366903983056545,30,2021-07-25 08:13:35
84,8281.29,149,51.07651040889323,5.236914362758398,30,2021-07-25 08:13:42
85,8285.37,149,51.07653739862144,5.236953841522336,30,2021-07-25 08:13:43
84,8306.73,151,51.076621720567346,5.237226001918316,30,2021-07-25 08:13:50
84,8309.57,151,51.076613925397396,5.237264642491937,30,2021-07-25 08:13:51
84,8312.82,151,51.07659540139139,5.237300517037511,30,2021-07-25 08:13:52
84,8322.07,152,51.07652172446251,5.237362207844853,30,2021-07-25 08:13:55
83,8327.63,152,51.07647294178605,5.237380228936672,30,2021-07-25 08:13:57
82,8341.79,153,51.0763462074101,5.23736790753901,30,2021-07-25 08:14:02
83,8360.89,155,51.07617421075702,5.237365141510963,30,2021-07-25 08:14:08
84,8372.9,157,51.07606692239642,5.237344186753035,30,2021-07-25 08:14:12
83,8375.51,157,51.07604345306754,5.237337984144688,30,2021-07-25 08:14:13
82,8385.15,159,51.07595686800778,5.237301690503955,30,2021-07-25 08:14:17
81,8392.07,160,51.075897105038166,5.237333457916975,30,2021-07-25 08:14:21
75,8395.88,160,51.07586667872965,5.237358016893268,30,2021-07-25 08:14:23
75,8400.01,161,51.07583558186889,5.23739137686789,30,2021-07-25 08:14:25
80,8413.79,161,51.07574027962983,5.237518195062876,30,2021-07-25 08:14:31
83,8429.93,164,51.0756154730916,5.237629255279899,30,2021-07-25 08:14:38
83,8434.64,165,51.07557339593768,5.237634619697928,30,2021-07-25 08:14:40
82,8442.42,168,51.07550332322717,5.237640235573053,30,2021-07-25 08:14:43
82,8446.78,170,51.07546493411064,5.237629422917962,30,2021-07-25 08:14:45
82,8449.39,170,51.07544221915305,5.2376198675483465,30,2021-07-25 08:14:46
81,8454.57,170,51.075395699590445,5.2376169338822365,30,2021-07-25 08:14:49
81,8459.52,169,51.0753514431417,5.237608468160033,30,2021-07-25 08:14:53
53,8469.78,168,51.07526008039713,5.237589189782739,30,2021-07-25 08:15:00
53,8470.7,168,51.07525178231299,5.237590279430151,30,2021-07-25 08:15:01
53,8474.2,165,51.075221272185445,5.237603019922972,30,2021-07-25 08:15:04
52,8475.77,163,51.07520727440715,5.237606791779399,30,2021-07-25 08:15:05
51,8480.9,162,51.07516578398645,5.237637301906943,30,2021-07-25 08:15:09
51,8484.24,164,51.07513879425824,5.237659094855189,30,2021-07-25 08:15:12
55,8495.48,165,51.075055142864585,5.237748194485903,30,2021-07-25 08:15:19
55,8498.36,165,51.07503158971667,5.237765712663531,31,2021-07-25 08:15:21
57,8504.75,163,51.074976939707994,5.237790858373046,30,2021-07-25 08:15:26
56,8509.65,160,51.074933018535376,5.237794881686568,31,2021-07-25 08:15:29
56,8513.05,158,51.07490250840783,5.237788092344999,31,2021-07-25 08:15:31
55,8518.23,158,51.07485732994974,5.237768813967705,31,2021-07-25 08:15:35
55,8520.9,157,51.07483444735408,5.237758252769709,31,2021-07-25 08:15:37
54,8527.75,155,51.07477870769799,5.237716678529978,31,2021-07-25 08:15:42
55,8535.24,155,51.07471777126193,5.237670326605439,31,2021-07-25 08:15:48
52,8541.27,155,51.07466781511903,5.237637469545007,31,2021-07-25 08:15:53
52,8542.42,155,51.07465758919716,5.237632608041167,31,2021-07-25 08:15:54
52,8545.69,154,51.07462833635509,5.237630344927311,31,2021-07-25 08:15:57
53,8547.57,153,51.074617272242904,5.237650461494923,31,2021-07-25 08:15:59
53,8548.35,152,51.07461417093873,5.237660352140665,31,2021-07-25 08:16:00
53,8551.99,151,51.074603106826544,5.237708715721965,31,2021-07-25 08:16:03
78,8561.76,150,51.07456672936678,5.23783503100276,31,2021-07-25 08:16:07
85,8577.44,150,51.074507888406515,5.2380366157740355,31,2021-07-25 08:16:13
84,8584.53,151,51.07447184622288,5.238120015710592,31,2021-07-25 08:16:16
83,8593.85,151,51.07439867220819,5.238187573850155,31,2021-07-25 08:16:19
83,8598.41,151,51.0743582714349,5.238200901076198,31,2021-07-25 08:16:21
83,8609.03,152,51.07426397502422,5.238173576071858,31,2021-07-25 08:16:27
59,8613.51,152,51.07422566972673,5.238153543323278,31,2021-07-25 08:16:30
57,8622.93,150,51.07414495199919,5.238111969083548,31,2021-07-25 08:16:36
58,8630.39,147,51.07407856732607,5.2380963787436485,31,2021-07-25 08:16:40
58,8636.88,144,51.07402031309903,5.238093109801412,31,2021-07-25 08:16:44
58,8638.5,142,51.07400589622557,5.238097887486219,31,2021-07-25 08:16:45
58,8640.29,142,51.073989886790514,5.238101910799742,31,2021-07-25 08:16:46
55,8650.21,140,51.07390120625496,5.238113142549992,31,2021-07-25 08:16:53
54,8653.63,140,51.07387086376548,5.2381199318915606,31,2021-07-25 08:16:55
54,8657.54,139,51.073838006705046,5.238140970468521,31,2021-07-25 08:16:58
54,8663.14,137,51.07379232533276,5.238174833357334,31,2021-07-25 08:17:02
54,8663.99,136,51.07378511689603,5.238178605213761,31,2021-07-25 08:17:03
53,8668.86,132,51.07374840416014,5.238216742873192,31,2021-07-25 08:17:06
53,8670.64,138,51.073734322562814,5.238229064270854,31,2021-07-25 08:17:07
54,8671.56,138,51.07372577302158,5.238229567185044,31,2021-07-25 08:17:08
56,8674.17,140,51.073702638968825,5.238235434517264,32,2021-07-25 08:17:11
58,8689.75,143,51.073563415557146,5.238261334598064,32,2021-07-25 08:17:21
79,8707.93,145,51.073400136083364,5.238264687359333,31,2021-07-25 08:17:28
79,8710.15,145,51.07338043861091,5.2382592391222715,32,2021-07-25 08:17:29
78,8725.9,145,51.07324901036918,5.238178437575698,31,2021-07-25 08:17:34
77,8731.84,144,51.07320584356785,5.2381282299757,31,2021-07-25 08:17:36
79,8742.94,142,51.07313174754381,5.238022534176707,31,2021-07-25 08:17:40
79,8745.23,142,51.073111882433295,5.238012308254838,31,2021-07-25 08:17:41
79,8747.5,142,51.073093274608254,5.238027982413769,31,2021-07-25 08:17:42
80,8751.88,141,51.07309008948505,5.238087745383382,31,2021-07-25 08:17:44
79,8754.92,141,51.07310241088271,5.238126553595066,31,2021-07-25 08:17:45
79,8758.16,141,51.07311313971877,5.238169552758336,31,2021-07-25 08:17:46
80,8763.88,140,51.073145158588886,5.238236524164677,31,2021-07-25 08:17:48
76,8770.5,137,51.073166616261005,5.238325037062168,31,2021-07-25 08:17:51
75,8776.26,137,51.073188576847315,5.238400055095553,31,2021-07-25 08:17:53
76,8781.37,137,51.07321171090007,5.238463087007403,31,2021-07-25 08:17:55
76,8784.52,137,51.07322503812611,5.238502901047468,31,2021-07-25 08:17:56
76,8793.52,137,51.073252530768514,5.238624019548297,31,2021-07-25 08:17:59
76,8796.98,137,51.0732654388994,5.238668862730265,31,2021-07-25 08:18:00
76,8803.77,137,51.07328815385699,5.238759135827422,31,2021-07-25 08:18:02
76,8807.6,136,51.073293602094054,5.23881328292191,31,2021-07-25 08:18:03
76,8810.47,136,51.0732826218009,5.238851252943277,31,2021-07-25 08:18:04
76,8812.94,135,51.07326351106167,5.238871453329921,31,2021-07-25 08:18:05
76,8822.5,135,51.07318824157119,5.238810684531927,31,2021-07-25 08:18:08
81,8842.55,136,51.07304130680859,5.23864128626883,31,2021-07-25 08:18:15
79,8856.4,137,51.07294491492212,5.238516312092543,31,2021-07-25 08:18:20
83,8878.72,137,51.07277886942029,5.238337190821767,31,2021-07-25 08:18:27
83,8887.57,137,51.07271332293749,5.238265777006745,31,2021-07-25 08:18:30
83,8894.08,138,51.072664707899094,5.23821422830224,31,2021-07-25 08:18:32
84,8914.97,139,51.07251316308975,5.238038459792733,31,2021-07-25 08:18:39
82,8926.2,139,51.072435630485415,5.2379358652979136,31,2021-07-25 08:18:43
81,8932.35,139,51.072394056245685,5.237877946346998,31,2021-07-25 08:18:45
80,8935.41,139,51.07237377204001,5.237848777323961,31,2021-07-25 08:18:46
80,8938.29,139,51.07235088944435,5.237828828394413,31,2021-07-25 08:18:47
79,8942.03,139,51.07231920585036,5.237824721261859,31,2021-07-25 08:18:49
80,8945.96,139,51.07231853529811,5.237879706546664,31,2021-07-25 08:18:51
80,8948.69,139,51.072324654087424,5.2379173412919044,31,2021-07-25 08:18:52
79,8961.31,139,51.07236262410879,5.238086571916938,31,2021-07-25 08:18:56
79,8964.9,139,51.072379974648356,5.238129906356335,31,2021-07-25 08:18:57
78,8972.18,140,51.07242205180228,5.238209869712591,31,2021-07-25 08:18:59
79,8986.51,140,51.072497237473726,5.238375747576356,31,2021-07-25 08:19:03
79,8996.16,140,51.07254769653082,5.238487813621759,31,2021-07-25 08:19:06
79,9006.33,140,51.072606621310115,5.238599209114909,31,2021-07-25 08:19:09
79,9019.72,140,51.07267954386771,5.238751173019409,31,2021-07-25 08:19:13
78,9023.18,140,51.07269790023565,5.238790819421411,31,2021-07-25 08:19:14
77,9034.14,140,51.07275917194784,5.23891294375062,31,2021-07-25 08:19:17
79,9053.44,140,51.072866041213274,5.239129783585668,31,2021-07-25 08:19:22
80,9064.4,140,51.07292488217354,5.23925500921905,31,2021-07-25 08:19:25
82,9081.28,139,51.07302370481193,5.239439746364951,31,2021-07-25 08:19:30
82,9084.48,139,51.07303820550442,5.239479141309857,31,2021-07-25 08:19:31
80,9099.25,138,51.07312244363129,5.23964200168848,31,2021-07-25 08:19:36
83,9118.15,137,51.07324632816017,5.23982766084373,31,2021-07-25 08:19:42
85,9135.42,137,51.07334649190307,5.240015583112836,31,2021-07-25 08:19:48
82,9155.63,137,51.07343760319054,5.240258323028684,31,2021-07-25 08:19:54
82,9161.65,137,51.073456881567836,5.240338454023004,31,2021-07-25 08:19:56
83,9172.44,139,51.07352552935481,5.2404477540403605,31,2021-07-25 08:20:00
84,9192.68,140,51.073665926232934,5.240633077919483,31,2021-07-25 08:20:07
84,9195.75,140,51.07368495315313,5.24066467769444,31,2021-07-25 08:20:08
83,9207.99,140,51.073735831305385,5.240818485617638,31,2021-07-25 08:20:12
83,9214.71,140,51.073760809376836,5.240905741229653,31,2021-07-25 08:20:14
83,9217.85,140,51.07377036474645,5.24094806984067,31,2021-07-25 08:20:15
87,9227.96,139,51.073815040290356,5.241073630750179,31,2021-07-25 08:20:18
83,9237.69,139,51.07385435141623,5.2411978505551815,31,2021-07-25 08:20:21
80,9245.97,138,51.07388326898217,5.241306563839316,31,2021-07-25 08:20:24
77,9254.46,138,51.07391646131873,5.241415863856673,31,2021-07-25 08:20:27
74,9260.3,140,51.07393783517182,5.241491971537471,31,2021-07-25 08:20:29
76,9268.56,141,51.07395350933075,5.241607557982206,31,2021-07-25 08:20:32
77,9276.61,142,51.07397438026965,5.241717612370849,31,2021-07-25 08:20:35
79,9280.9,143,51.07398267835379,5.241778716444969,31,2021-07-25 08:20:37
80,9287.73,143,51.07398594729602,5.241876197978854,31,2021-07-25 08:20:40
80,9293.69,143,51.073987958952785,5.241962280124426,31,2021-07-25 08:20:42
80,9309.21,142,51.07404202222824,5.242169229313731,31,2021-07-25 08:20:47
81,9326.23,140,51.07410589233041,5.242397719994187,31,2021-07-25 08:20:53
81,9338.45,139,51.07416959479451,5.242559155449271,31,2021-07-25 08:20:57
81,9341.11,139,51.074179485440254,5.242595197632909,30,2021-07-25 08:20:58
80,9346.62,139,51.074198512360454,5.24266954511404,31,2021-07-25 08:21:01
81,9349.11,138,51.07420915737748,5.242700390517712,31,2021-07-25 08:21:03
82,9360.66,136,51.074214773252606,5.242862580344081,30,2021-07-25 08:21:08
82,9376.98,134,51.07427353039384,5.243065841495991,30,2021-07-25 08:21:15
86,9397.4,134,51.074433540925384,5.243201293051243,30,2021-07-25 08:21:24
85,9413.26,136,51.07457662001252,5.2432058192789555,30,2021-07-25 08:21:29
85,9416.1,137,51.07460226863623,5.243200538679957,30,2021-07-25 08:21:30
85,9431.01,140,51.0747367143631,5.243176314979792,30,2021-07-25 08:21:35
86,9438.12,141,51.0748006682843,5.243176985532045,30,2021-07-25 08:21:37
86,9456.71,143,51.07496830634773,5.243192659690976,30,2021-07-25 08:21:43
85,9476.93,145,51.075150445103645,5.243149157613516,30,2021-07-25 08:21:49
84,9483.0,145,51.07519998215139,5.2431124448776245,30,2021-07-25 08:21:51
83,9503.17,146,51.07536745257676,5.243013957515359,29,2021-07-25 08:21:58
82,9505.39,146,51.07538530603051,5.243028961122036,30,2021-07-25 08:21:59
79,9524.65,145,51.07552679255605,5.243189642205834,30,2021-07-25 08:22:05
82,9539.62,145,51.07560600154102,5.2433630637824535,29,2021-07-25 08:22:09
83,9557.57,145,51.07570054940879,5.243571689352393,29,2021-07-25 08:22:14
83,9567.6,147,51.07574975118041,5.243691802024841,29,2021-07-25 08:22:18
85,9589.64,148,51.07583281584084,5.243977457284927,29,2021-07-25 08:22:25
84,9611.73,151,51.07592174783349,5.244257664307952,29,2021-07-25 08:22:32
85,9630.26,152,51.075998693704605,5.244496800005436,29,2021-07-25 08:22:38
83,9637.63,154,51.07604135759175,5.244579445570707,29,2021-07-25 08:22:41
83,9640.98,154,51.07606197707355,5.244614314287901,29,2021-07-25 08:22:42
83,9643.53,153,51.07607379555702,5.244645494967699,29,2021-07-25 08:22:43
86,9658.5,153,51.07614504173398,5.244826292619109,29,2021-07-25 08:22:48
86,9675.41,153,51.07624537311494,5.245007425546646,29,2021-07-25 08:22:53
86,9696.19,153,51.07634344138205,5.2452597208321095,29,2021-07-25 08:23:00
84,9714.03,154,51.07644100673497,5.245460467413068,29,2021-07-25 08:23:06
83,9725.47,154,51.07649934478104,5.245594913139939,29,2021-07-25 08:23:10
85,9733.58,154,51.076536644250154,5.245694490149617,29,2021-07-25 08:23:13
84,9752.58,154,51.07663462869823,5.245914263650775,29,2021-07-25 08:23:19
85,9769.25,154,51.076723393052816,5.246105873957276,29,2021-07-25 08:23:24
85,9775.56,154,51.076756501570344,5.246179299429059,29,2021-07-25 08:23:26
84,9792.53,154,51.07684099115431,5.246381303295493,29,2021-07-25 08:23:31
86,9812.0,157,51.07694199308753,5.2466054353863,29,2021-07-25 08:23:37
85,9818.2,157,51.07697862200439,5.246672993525863,29,2021-07-25 08:23:39
84,9827.9,158,51.07703235000372,5.246780700981617,29,2021-07-25 08:23:42
83,9830.54,158,51.077048946172,5.246808025985956,29,2021-07-25 08:23:43
82,9843.29,158,51.07714760117233,5.246897796168923,29,2021-07-25 08:23:48
82,9853.37,158,51.07723619788885,5.246885223314166,29,2021-07-25 08:23:52
81,9856.49,158,51.077264696359634,5.246880780905485,29,2021-07-25 08:23:53
81,9859.76,157,51.07729126699269,5.246854713186622,29,2021-07-25 08:23:55
83,9861.81,158,51.07728975825012,5.246790926903486,29,2021-07-25 08:23:57
80,9871.44,154,51.07733577489853,5.2466686349362135,29,2021-07-25 08:24:01
82,9884.37,155,51.0774099547416,5.246525555849075,28,2021-07-25 08:24:06
81,9901.49,155,51.07744473963976,5.246282145380974,28,2021-07-25 08:24:12
82,9906.73,155,51.077458737418056,5.24620964191854,28,2021-07-25 08:24:14
81,9927.72,155,51.077517326921225,5.245923399925232,28,2021-07-25 08:24:22
83,9950.07,154,51.077583795413375,5.245623327791691,28,2021-07-25 08:24:30
82,9958.75,151,51.07761296443641,5.245508411899209,28,2021-07-25 08:24:33
82,9965.71,150,51.0776050016284,5.245408080518246,28,2021-07-25 08:24:36
84,9980.14,149,51.07751766219735,5.2452541049569845,28,2021-07-25 08:24:41
84,9989.89,149,51.07745697721839,5.245153438299894,28,2021-07-25 08:24:44
84,10000.57,149,51.0773941129446,5.245036091655493,28,2021-07-25 08:24:47
85,10020.61,150,51.07728783041239,5.2448043320328,28,2021-07-25 08:24:54
85,10024.84,150,51.07725572772324,5.2447666972875595,28,2021-07-25 08:24:55
84,10030.65,151,51.07722966000438,5.244694864377379,28,2021-07-25 08:24:57
83,10040.37,151,51.07719898223877,5.244567124173045,28,2021-07-25 08:25:01
82,10056.73,151,51.07711692340672,5.244373669847846,28,2021-07-25 08:25:06
84,10067.19,151,51.077067386358976,5.2442471869289875,28,2021-07-25 08:25:10
83,10074.72,150,51.0770351998508,5.244152890518308,28,2021-07-25 08:25:13
83,10095.8,150,51.07694425620139,5.243889866396785,28,2021-07-25 08:25:20
84,10118.07,149,51.07683856040239,5.24362038820982,28,2021-07-25 08:25:28
83,10138.77,149,51.07675105333328,5.2433601301163435,28,2021-07-25 08:25:35
82,10159.51,148,51.07664342969656,5.243116719648242,28,2021-07-25 08:25:42
82,10165.6,148,51.07661300338805,5.243043461814523,28,2021-07-25 08:25:44
82,10169.1,148,51.07659699395299,5.243000378832221,28,2021-07-25 08:25:45
83,10173.67,148,51.076567405834794,5.242957463487983,28,2021-07-25 08:25:47
83,10178.15,148,51.07652775943279,5.242966683581471,28,2021-07-25 08:25:49
83,10195.46,148,51.076386692002416,5.243052262812853,28,2021-07-25 08:25:55
84,10215.38,148,51.0762079898268,5.243048574775457,28,2021-07-25 08:26:02
83,10234.66,148,51.07605217024684,5.242928126826882,29,2021-07-25 08:26:09
83,10240.91,148,51.075996179133654,5.2429127879440784,28,2021-07-25 08:26:12
82,10249.86,148,51.075917053967714,5.242889570072293,29,2021-07-25 08:26:15
80,10263.23,148,51.075802808627486,5.242935670539737,29,2021-07-25 08:26:20
81,10279.11,148,51.0756675247103,5.243016807362437,29,2021-07-25 08:26:26
81,10281.66,149,51.075644390657544,5.243023177608848,29,2021-07-25 08:26:27
82,10295.55,150,51.07552343979478,5.243068775162101,29,2021-07-25 08:26:32
82,10301.54,151,51.07548748143017,5.243079084903002,29,2021-07-25 08:26:37
82,10303.53,151,51.07550307177007,5.243062069639564,29,2021-07-25 08:26:38
84,10315.41,150,51.075598457828164,5.242980094626546,29,2021-07-25 08:26:42
84,10336.98,149,51.075778333470225,5.242860903963447,29,2021-07-25 08:26:49
84,10340.28,149,51.07580649666488,5.242846151813865,29,2021-07-25 08:26:50
84,10362.12,149,51.07598964124918,5.242734169587493,29,2021-07-25 08:26:57
83,10376.21,149,51.076109083369374,5.242667701095343,29,2021-07-25 08:27:01
85,10396.76,150,51.07627931982279,5.242554293945432,29,2021-07-25 08:27:07
85,10410.41,151,51.07639146968722,5.242469301447272,29,2021-07-25 08:27:11
86,10430.72,153,51.076561035588384,5.242357486858964,29,2021-07-25 08:27:17
86,10441.12,153,51.07665038667619,5.242314487695694,29,2021-07-25 08:27:20
85,10460.78,154,51.07682171277702,5.242245001718402,29,2021-07-25 08:27:26
84,10477.55,154,51.07695481739938,5.24211005307734,29,2021-07-25 08:27:32
83,10494.78,153,51.07707434333861,5.241942163556814,29,2021-07-25 08:27:38
85,10507.8,151,51.07718833722174,5.2418537344783545,29,2021-07-25 08:27:44
83,10518.2,149,51.07726100832224,5.241754492744803,29,2021-07-25 08:27:50
83,10521.22,149,51.077269138768315,5.241711577400565,29,2021-07-25 08:27:52
83,10528.3,148,51.07730928808451,5.241628093644977,29,2021-07-25 08:27:55
83,10533.66,145,51.077343905344605,5.241572856903076,29,2021-07-25 08:27:57
84,10536.22,144,51.07736402191222,5.241551734507084,29,2021-07-25 08:27:58
84,10544.79,146,51.0774289816618,5.241475962102413,29,2021-07-25 08:28:01
85,10556.32,149,51.07751179486513,5.241356184706092,29,2021-07-25 08:28:05
84,10561.06,151,51.077543310821056,5.241310251876712,29,2021-07-25 08:28:07
84,10570.63,152,51.07760081067681,5.241207322105765,29,2021-07-25 08:28:11
85,10575.4,152,51.07762645930052,5.241150995716453,29,2021-07-25 08:28:13
86,10596.83,152,51.07775612734258,5.240917224436998,29,2021-07-25 08:28:20
85,10614.8,151,51.0778346657753,5.240689320489764,29,2021-07-25 08:28:26
84,10634.14,153,51.07792569324374,5.240445155650377,29,2021-07-25 08:28:32
85,10649.99,155,51.07801730744541,5.240271398797631,29,2021-07-25 08:28:37
85,10654.99,156,51.07803407125175,5.240204930305481,29,2021-07-25 08:28:39
83,10676.36,155,51.07813339680433,5.239944672212005,29,2021-07-25 08:28:47
84,10681.89,152,51.07817086391151,5.239871749654412,29,2021-07-25 08:28:50
83,10690.87,151,51.07823305763304,5.239765383303165,29,2021-07-25 08:28:53
82,10694.46,151,51.07826172374189,5.239741997793317,29,2021-07-25 08:28:54
84,10710.48,149,51.078379740938544,5.239607468247414,29,2021-07-25 08:29:01
84,10730.36,150,51.07853312976658,5.239440416917205,29,2021-07-25 08:29:08
85,10748.13,153,51.07865014113486,5.239230953156948,29,2021-07-25 08:29:13
85,10750.82,154,51.07866539619863,5.2391919773072,29,2021-07-25 08:29:14
86,10774.05,156,51.07883362099528,5.238947058096528,29,2021-07-25 08:29:21
86,10778.04,156,51.078865472227335,5.238918727263808,29,2021-07-25 08:29:22
86,10795.87,155,51.07899564318359,5.238761734217405,29,2021-07-25 08:29:28
86,10809.16,155,51.07908809557557,5.23862368427217,28,2021-07-25 08:29:34
86,10822.54,155,51.079165879637,5.23846585303545,29,2021-07-25 08:29:39
86,10826.07,155,51.079173255711794,5.23841212503612,28,2021-07-25 08:29:40
86,10841.49,154,51.07922790572047,5.238196961581707,28,2021-07-25 08:29:45
86,10843.97,154,51.07924089767039,5.238168127834797,28,2021-07-25 08:29:46
81,10860.19,155,51.07935866340995,5.2380171697586775,28,2021-07-25 08:29:52
81,10862.47,155,51.079377522692084,5.237993784248829,28,2021-07-25 08:29:53
81,10867.59,158,51.07941498979926,5.237941145896912,28,2021-07-25 08:29:55
82,10872.53,162,51.07944667339325,5.237880712375045,28,2021-07-25 08:29:57
84,10879.12,162,51.07948447577655,5.237804185599089,28,2021-07-25 08:29:59
79,10895.17,163,51.07958455570042,5.2376290038228035,28,2021-07-25 08:30:06
81,10913.04,160,51.07967533171177,5.237404704093933,28,2021-07-25 08:30:12
81,10915.85,160,51.07969209551811,5.23737033829093,28,2021-07-25 08:30:13
82,10928.9,159,51.079735262319446,5.237140171229839,28,2021-07-25 08:30:17
82,10942.27,155,51.07979469001293,5.236949315294623,28,2021-07-25 08:30:21
82,10945.22,156,51.07980617322028,5.23690028116107,28,2021-07-25 08:30:22
86,10962.37,155,51.079857889562845,5.236662570387125,28,2021-07-25 08:30:27
85,10979.87,155,51.08000909909606,5.23657145909965,28,2021-07-25 08:30:33
84,10996.2,156,51.08012652955949,5.236435839906335,28,2021-07-25 08:30:39
85,11007.3,156,51.08019241131842,5.236320588737726,28,2021-07-25 08:30:43
86,11013.2,156,51.08018511906266,5.236236685886979,28,2021-07-25 08:30:45
86,11016.33,155,51.08018830418587,5.236191675066948,28,2021-07-25 08:30:46
81,11035.98,157,51.0801365878433,5.235924292355776,28,2021-07-25 08:30:51
80,11057.05,159,51.08010549098253,5.235627321526408,28,2021-07-25 08:30:57
81,11062.84,162,51.0800916608423,5.235546100884676,28,2021-07-25 08:30:59
81,11071.1,164,51.08006542548537,5.235438225790858,28,2021-07-25 08:31:02
82,11086.06,164,51.080040112137794,5.235229432582855,28,2021-07-25 08:31:08
82,11095.48,161,51.07998169027269,5.235132202506065,28,2021-07-25 08:31:12
82,11100.18,160,51.07995436526835,5.235080402344465,28,2021-07-25 08:31:14
83,11117.88,160,51.079853447154164,5.2348859421908855,28,2021-07-25 08:31:20
82,11139.07,159,51.07981857843697,5.234590144827962,28,2021-07-25 08:31:26
82,11142.11,159,51.079811956733465,5.234547983855009,28,2021-07-25 08:31:27
83,11160.47,158,51.07979150488973,5.234286552295089,28,2021-07-25 08:31:33
82,11178.91,159,51.07974682934582,5.234033837914467,27,2021-07-25 08:31:40
83,11196.41,159,51.0797306522727,5.233786990866065,27,2021-07-25 08:31:46
83,11198.54,159,51.07972612604499,5.233757235109806,28,2021-07-25 08:31:47
84,11220.65,157,51.07969134114683,5.233445847406983,28,2021-07-25 08:31:53
83,11225.08,156,51.07968220487237,5.233383905142546,27,2021-07-25 08:31:54
83,11238.32,155,51.07969930395484,5.2331990003585815,27,2021-07-25 08:31:58
83,11244.61,154,51.07970173470676,5.2331094816327095,27,2021-07-25 08:32:00
84,11254.62,155,51.079662926495075,5.232986770570278,27,2021-07-25 08:32:04
83,11255.99,155,51.07965077273548,5.232983753085136,28,2021-07-25 08:32:05
81,11262.82,156,51.07959117740393,5.232964558526874,27,2021-07-25 08:32:08
82,11266.38,157,51.07955865561962,5.232962043955922,27,2021-07-25 08:32:10
81,11270.86,158,51.07951884157956,5.232953578233719,27,2021-07-25 08:32:12
82,11286.51,158,51.079382970929146,5.232891216874123,27,2021-07-25 08:32:18
84,11302.94,158,51.07923938892782,5.232832292094827,28,2021-07-25 08:32:25
83,11323.03,157,51.07905238866806,5.232787448912859,28,2021-07-25 08:32:33
83,11324.67,157,51.07903629541397,5.232787532731891,27,2021-07-25 08:32:34
82,11345.76,155,51.07884426601231,5.2327534183859825,27,2021-07-25 08:32:42
83,11348.86,156,51.07881643809378,5.232747131958604,27,2021-07-25 08:32:43
84,11371.38,155,51.078617786988616,5.2326753828674555,27,2021-07-25 08:32:50
85,11375.61,154,51.07858166098595,5.232654931023717,27,2021-07-25 08:32:52
84,11396.2,152,51.078392900526524,5.2326135244220495,27,2021-07-25 08:33:00
84,11398.84,152,51.0783698502928,5.2326032146811485,27,2021-07-25 08:33:01
83,11421.87,153,51.078163739293814,5.232555605471134,27,2021-07-25 08:33:09
82,11442.62,153,51.07797640375793,5.232520569115877,27,2021-07-25 08:33:17
82,11456.7,153,51.0778500046581,5.232494501397014,27,2021-07-25 08:33:23
83,11467.18,154,51.07774724252522,5.232496093958616,27,2021-07-25 08:33:27
83,11473.06,153,51.07769443653524,5.232483856379986,27,2021-07-25 08:33:30
83,11476.46,152,51.077663507312536,5.232471786439419,27,2021-07-25 08:33:32
81,11483.18,152,51.07760223560035,5.2324500773102045,27,2021-07-25 08:33:35
87,11496.57,152,51.077482122927904,5.232443958520889,27,2021-07-25 08:33:40
83,11514.2,155,51.07732362113893,5.232435995712876,27,2021-07-25 08:33:46
83,11517.55,155,51.07729344628751,5.232437085360289,27,2021-07-25 08:33:47
82,11538.17,155,51.077107870951295,5.232448149472475,27,2021-07-25 08:33:55
81,11554.67,153,51.07695892453194,5.232459465041757,27,2021-07-25 08:34:01
83,11574.84,155,51.07677502557635,5.232414286583662,27,2021-07-25 08:34:08
84,11595.45,156,51.07658760622144,5.23240146227181,27,2021-07-25 08:34:15
83,11615.67,156,51.0763977561146,5.2324203215539455,27,2021-07-25 08:34:19
83,11623.83,156,51.07632181607187,5.232407748699188,27,2021-07-25 08:34:21
84,11645.33,157,51.07612559571862,5.2323670126497746,27,2021-07-25 08:34:28
84,11648.3,157,51.076098438352346,5.232366509735584,27,2021-07-25 08:34:29
85,11670.92,156,51.07589517720044,5.232318816706538,27,2021-07-25 08:34:36
86,11678.03,155,51.07583281584084,5.232288055121899,27,2021-07-25 08:34:38
84,11697.63,154,51.0756572149694,5.232234746217728,27,2021-07-25 08:34:45
84,11700.22,154,51.075633242726326,5.232239020988345,27,2021-07-25 08:34:46
85,11720.82,155,51.075445571914315,5.2322309743613005,27,2021-07-25 08:34:54
85,11734.59,158,51.07532227411866,5.2321982849389315,27,2021-07-25 08:34:59
86,11745.06,158,51.07522898353636,5.232171127572656,27,2021-07-25 08:35:02
86,11747.42,159,51.075208615511656,5.232161656022072,27,2021-07-25 08:35:03
85,11765.1,159,51.0750491078943,5.232122177258134,27,2021-07-25 08:35:09
86,11777.94,160,51.07493209652603,5.232091583311558,27,2021-07-25 08:35:13
86,11785.73,161,51.07485833577812,5.232091583311558,27,2021-07-25 08:35:16
85,11802.74,161,51.07470704242587,5.232039196416736,27,2021-07-25 08:35:23
84,11812.93,160,51.07461526058614,5.2320309821516275,27,2021-07-25 08:35:28
84,11816.9,159,51.074581649154425,5.232054032385349,27,2021-07-25 08:35:31
0,11818.75,159,51.07456530444324,5.232063923031092,27,2021-07-25 08:35:33
0,11822.61,157,51.074529932811856,5.23206140846014,27,2021-07-25 08:35:37
0,11823.66,157,51.07451903633773,5.232056127861142,27,2021-07-25 08:35:38
58,11827.99,156,51.07448324561119,5.232031065970659,27,2021-07-25 08:35:41
58,11832.83,156,51.07444326393306,5.231992341578007,27,2021-07-25 08:35:43
85,11849.04,155,51.07434242963791,5.231818584725261,27,2021-07-25 08:35:48
84,11861.91,156,51.074336897581816,5.231636697426438,27,2021-07-25 08:35:53
84,11867.22,155,51.0743410885334,5.2315612602978945,27,2021-07-25 08:35:55
82,11879.03,152,51.074345111846924,5.231394041329622,27,2021-07-25 08:36:00
81,11891.16,149,51.074347626417875,5.231221206486225,27,2021-07-25 08:36:04
81,11894.41,149,51.07434645295143,5.2311748545616865,28,2021-07-25 08:36:05
84,11914.28,149,51.07434771023691,5.230890708044171,28,2021-07-25 08:36:12
83,11921.39,149,51.07434745877981,5.230790125206113,28,2021-07-25 08:36:15
82,11928.82,149,51.074322732165456,5.23069130256772,28,2021-07-25 08:36:18
80,11948.06,147,51.07428476214409,5.230423919856548,28,2021-07-25 08:36:25
83,11962.19,146,51.07425098307431,5.230230800807476,28,2021-07-25 08:36:30
83,11977.34,146,51.07421150431037,5.2300251089036465,28,2021-07-25 08:36:35
82,11982.04,146,51.074201529845595,5.229960149154067,28,2021-07-25 08:36:37
83,12000.5,146,51.07413078658283,5.229723863303661,28,2021-07-25 08:36:43
83,12023.46,148,51.074067670851946,5.2294179238379,27,2021-07-25 08:36:50
84,12045.36,146,51.07401897199452,5.229114415124059,28,2021-07-25 08:36:57
84,12048.23,146,51.074015283957124,5.229073762893677,27,2021-07-25 08:36:58
83,12068.59,148,51.07395845465362,5.2287987526506186,28,2021-07-25 08:37:04
84,12076.46,148,51.07394278049469,5.228688698261976,28,2021-07-25 08:37:07
84,12098.79,149,51.07394328340888,5.228383932262659,28,2021-07-25 08:37:14
84,12115.89,147,51.07393297366798,5.228141946718097,28,2021-07-25 08:37:20
84,12137.67,148,51.07386935502291,5.227848999202251,28,2021-07-25 08:37:27
84,12157.85,150,51.073817387223244,5.227573234587908,28,2021-07-25 08:37:34
82,12166.83,150,51.07380841858685,5.22744289599359,28,2021-07-25 08:37:37
82,12173.97,151,51.07380003668368,5.227341055870056,28,2021-07-25 08:37:39
83,12194.39,152,51.07374052517116,5.227065039798617,28,2021-07-25 08:37:46
84,12197.23,152,51.073731891810894,5.227026902139187,28,2021-07-25 08:37:47
83,12219.21,153,51.07367321848869,5.226727835834026,28,2021-07-25 08:37:54
83,12222.37,153,51.073663579300046,5.226685423403978,28,2021-07-25 08:37:55
83,12242.79,154,51.07360892929137,5.226407228037715,28,2021-07-25 08:38:02
83,12253.93,154,51.073569282889366,5.226260796189308,28,2021-07-25 08:38:06
83,12277.11,153,51.07351002283394,5.225944379344583,28,2021-07-25 08:38:13
83,12283.11,153,51.07349803671241,5.225860979408026,28,2021-07-25 08:38:15
85,12305.35,152,51.07344984076917,5.2255544532090425,28,2021-07-25 08:38:22
85,12308.3,152,51.073444560170174,5.225513130426407,28,2021-07-25 08:38:23
84,12330.39,153,51.07336954213679,5.22522060200572,28,2021-07-25 08:38:30
84,12333.66,154,51.07336384244263,5.225174585357308,28,2021-07-25 08:38:31
85,12350.6,154,51.073334170505404,5.224938886240125,28,2021-07-25 08:38:36
82,12369.96,154,51.07328513637185,5.224673934280872,28,2021-07-25 08:38:43
82,12373.98,154,51.073275078088045,5.22461861371994,28,2021-07-25 08:38:45
82,12377.19,154,51.073287315666676,5.224576033651829,28,2021-07-25 08:38:47
79,12380.68,152,51.07331162318587,5.2245451882481575,28,2021-07-25 08:38:49
79,12386.59,151,51.07336275279522,5.2245210483670235,28,2021-07-25 08:38:51
82,12405.02,150,51.073511028662324,5.2244161907583475,29,2021-07-25 08:38:57
83,12422.97,150,51.073625357821584,5.224236566573381,29,2021-07-25 08:39:03
83,12425.2,150,51.073634158819914,5.224207565188408,28,2021-07-25 08:39:04
83,12426.73,151,51.0736333206296,5.224185772240162,29,2021-07-25 08:39:05
83,12434.31,151,51.07358403503895,5.224112095311284,29,2021-07-25 08:39:08
83,12454.53,151,51.07345906086266,5.223905649036169,29,2021-07-25 08:39:15
83,12457.82,151,51.073433915153146,5.223880922421813,29,2021-07-25 08:39:16
85,12463.26,151,51.07339351437986,5.223836749792099,29,2021-07-25 08:39:18
84,12482.02,149,51.07322872616351,5.223780758678913,28,2021-07-25 08:39:24
83,12501.49,150,51.07310006394982,5.223620077595115,28,2021-07-25 08:39:30
84,12507.7,150,51.07307902537286,5.22353726439178,28,2021-07-25 08:39:32
84,12515.2,151,51.073018088936806,5.223502311855555,29,2021-07-25 08:39:35
84,12531.48,151,51.07287115417421,5.223498372361064,29,2021-07-25 08:39:41
85,12542.02,150,51.0727765224874,5.2235108613967896,28,2021-07-25 08:39:44
85,12549.92,150,51.072706282138824,5.223526954650879,28,2021-07-25 08:39:46
83,12570.97,151,51.072517270222306,5.22351429797709,28,2021-07-25 08:39:52
84,12577.63,152,51.07245742343366,5.223513459786773,28,2021-07-25 08:39:54
85,12593.23,155,51.07231895439327,5.22347666323185,29,2021-07-25 08:39:59
85,12604.72,156,51.07221635989845,5.223495438694954,29,2021-07-25 08:40:03
86,12628.8,157,51.072000777348876,5.22346643730998,29,2021-07-25 08:40:10
86,12632.15,157,51.07197051867843,5.223465599119663,29,2021-07-25 08:40:11
86,12654.75,157,51.07176876626909,5.223432993516326,29,2021-07-25 08:40:18
86,12658.61,157,51.07173414900899,5.223430227488279,29,2021-07-25 08:40:19
86,12680.7,158,51.07153742574155,5.223386473953724,29,2021-07-25 08:40:26
86,12690.39,158,51.07145025394857,5.223387060686946,29,2021-07-25 08:40:29
86,12702.28,158,51.07134371995926,5.2233748231083155,29,2021-07-25 08:40:33
86,12715.36,158,51.07122645713389,5.223375912755728,29,2021-07-25 08:40:37
86,12723.92,158,51.071165688335896,5.22344246506691,29,2021-07-25 08:40:40
86,12726.77,158,51.0711585637182,5.223481776192784,29,2021-07-25 08:40:41
86,12749.3,159,51.07109259814024,5.223785117268562,29,2021-07-25 08:40:48
84,12752.88,158,51.07107357122004,5.223826691508293,29,2021-07-25 08:40:49
87,12775.26,159,51.07095513492823,5.22408259101212,29,2021-07-25 08:40:56
86,12778.19,159,51.07094407081604,5.224120561033487,29,2021-07-25 08:40:57
86,12783.92,161,51.07093133032322,5.224199686199427,29,2021-07-25 08:40:59
